metabolite,Col0-#1,Col0-#2,Col0-#3,Col0-#4,Col0-#5,Col0-#6,Col0-#7,Col0-#8,Col0-#9,Col0-#10,Col0-#11,Col0-#12,Col0-#13,Col0-#14,Col0-#15,Col0-#16,Col0-#17,tt4-#1,tt4-#2,tt4-#3,tt4-#4,tt4-#5,tt4-#6,tt4-#7,tt4-#8,tt4-#9,tt4-#10,tt4-#11,tt4-#12,tt4-#13,tt4-#14,tt4-#15,tt4-#16,tt4-#17,tt4-#18,tt4-#19,tt4-#20,mto1-#1,mto1-#2,mto1-#3,mto1-#4,mto1-#5,mto1-#6,mto1-#7,mto1-#8,mto1-#9,mto1-#10,mto1-#11,mto1-#12,mto1-#13
PR-MST_PR_MST_1045.51_,107.8 ,135.8 ,208.7 ,208.1 ,154.0 ,185.9 ,204.3 ,146.3 ,116.1 ,171.9 ,197.0 ,102.5 ,188.6 ,97.4 ,128.7 ,123.0 ,146.7 ,139.1 ,228.9 ,101.5 ,183.8 ,189.6 ,120.6 ,193.0 ,120.5 ,143.7 ,172.3 ,148.3 ,215.0 ,123.4 ,102.8 ,111.8 ,219.1 ,102.4 ,144.5 ,102.5 ,164.5 ,114.0 ,185.2 ,138.9 ,162.3 ,119.7 ,114.7 ,152.5 ,81.6 ,81.1 ,89.3 ,53.7 ,101.5 ,112.2 
Lactate_1047.38_LacA_2TMS,170.8 ,137.3 ,270.3 ,146.3 ,274.1 ,190.2 ,152.1 ,175.1 ,106.8 ,125.8 ,146.6 ,117.0 ,113.4 ,68.7 ,130.0 ,109.7 ,70.8 ,80.9 ,109.9 ,48.8 ,85.1 ,80.6 ,90.2 ,66.9 ,72.6 ,118.3 ,112.4 ,134.4 ,102.9 ,125.0 ,112.7 ,104.0 ,121.0 ,103.7 ,69.2 ,83.8 ,71.7 ,87.3 ,102.0 ,194.6 ,127.5 ,105.7 ,201.1 ,104.8 ,100.7 ,114.3 ,202.7 ,111.0 ,116.7 ,89.1 
MST_1065.63_CONT-MST_1064,17.7 ,7.8 ,18.1 ,12.5 ,18.4 ,12.5 ,24.2 ,17.6 ,16.3 ,22.2 ,18.2 ,14.3 ,12.1 ,9.4 ,18.3 ,15.0 ,14.0 ,9.2 ,17.7 ,4.5 ,3.8 ,11.7 ,9.0 ,11.9 ,2.8 ,12.7 ,11.7 ,8.9 ,4.3 ,10.2 ,6.4 ,7.6 ,2.8 ,8.2 ,11.3 ,3.7 ,12.8 ,12.4 ,17.0 ,11.2 ,10.6 ,18.0 ,15.4 ,14.2 ,15.3 ,9.8 ,12.3 ,22.1 ,12.0 ,15.8 
Alanine_1096.02_Ala_2TMS,202.2 ,179.9 ,203.7 ,381.9 ,265.4 ,370.9 ,125.7 ,285.2 ,295.8 ,273.6 ,372.9 ,533.5 ,29.4 ,280.9 ,185.4 ,357.3 ,246.7 ,329.4 ,241.1 ,255.5 ,183.1 ,271.9 ,271.7 ,233.7 ,200.2 ,292.5 ,310.0 ,286.4 ,142.2 ,285.4 ,360.9 ,402.6 ,229.6 ,404.6 ,230.0 ,202.3 ,77.2 ,229.9 ,165.2 ,308.7 ,238.5 ,284.7 ,307.7 ,240.7 ,219.2 ,253.4 ,283.3 ,262.1 ,294.6 ,212.7 
PR-MST_PR_MST_1104.06_,84.6 ,88.6 ,52.9 ,58.2 ,62.0 ,66.6 ,61.6 ,79.7 ,78.9 ,66.2 ,58.1 ,82.7 ,50.9 ,90.2 ,72.3 ,84.5 ,73.8 ,65.5 ,52.2 ,94.3 ,91.6 ,64.5 ,87.7 ,64.8 ,96.0 ,68.9 ,73.8 ,78.1 ,63.5 ,70.6 ,75.2 ,72.6 ,73.4 ,80.4 ,69.2 ,79.5 ,63.0 ,69.6 ,47.4 ,73.5 ,52.0 ,63.5 ,61.3 ,52.9 ,70.2 ,82.7 ,78.3 ,79.9 ,59.0 ,52.9 
Hydroxylamine_1111.10_HA_3TMS,43.5 ,38.6 ,33.3 ,31.1 ,37.8 ,38.9 ,27.6 ,35.4 ,32.2 ,32.4 ,34.0 ,37.3 ,19.5 ,33.9 ,43.9 ,40.5 ,41.4 ,36.9 ,33.8 ,39.6 ,37.7 ,28.8 ,43.3 ,47.8 ,29.6 ,25.7 ,42.5 ,41.7 ,30.4 ,31.4 ,27.5 ,35.9 ,42.6 ,37.6 ,45.8 ,34.5 ,41.8 ,45.3 ,34.1 ,39.7 ,37.6 ,30.1 ,38.0 ,39.9 ,35.1 ,37.8 ,36.9 ,30.6 ,37.3 ,26.3 
PR-MST_PR_MST_1124.07_,10.8 ,11.2 ,15.2 ,16.2 ,14.2 ,14.6 ,14.9 ,13.0 ,12.4 ,13.8 ,14.8 ,13.5 ,15.2 ,12.0 ,14.5 ,11.1 ,13.2 ,13.6 ,16.7 ,11.6 ,13.1 ,14.7 ,9.3 ,13.1 ,13.2 ,14.6 ,12.6 ,11.8 ,12.3 ,11.9 ,13.1 ,11.2 ,12.5 ,10.1 ,14.9 ,10.9 ,10.1 ,13.8 ,12.2 ,13.5 ,12.5 ,15.1 ,16.1 ,12.9 ,11.5 ,12.8 ,13.4 ,12.6 ,15.1 ,13.2 
Dihydrouracil_1135.34_Duracil_2TMS,24.7 ,34.4 ,42.6 ,38.5 ,35.9 ,41.0 ,35.3 ,30.2 ,34.2 ,23.2 ,32.6 ,25.9 ,35.9 ,26.6 ,30.1 ,28.2 ,36.1 ,31.7 ,39.4 ,32.7 ,42.5 ,32.0 ,24.8 ,39.7 ,35.1 ,34.0 ,32.6 ,35.1 ,45.8 ,34.3 ,26.1 ,26.9 ,47.9 ,24.6 ,31.2 ,25.2 ,36.1 ,25.0 ,33.3 ,34.3 ,30.4 ,22.9 ,23.0 ,28.4 ,20.6 ,19.9 ,20.6 ,19.2 ,28.1 ,22.6 
PR-MST_PR_MST_1140.16_,77.2 ,110.8 ,98.7 ,83.1 ,120.1 ,77.2 ,67.4 ,62.0 ,57.2 ,90.8 ,85.8 ,74.9 ,85.0 ,115.5 ,61.7 ,70.9 ,61.7 ,71.2 ,90.1 ,102.4 ,96.1 ,74.7 ,96.0 ,100.0 ,70.1 ,91.1 ,55.4 ,67.4 ,150.0 ,66.0 ,95.1 ,105.6 ,166.0 ,76.0 ,104.0 ,82.3 ,82.6 ,76.6 ,62.4 ,61.0 ,76.6 ,68.3 ,61.0 ,78.7 ,83.8 ,76.4 ,61.7 ,64.7 ,95.4 ,56.6 
PR-MST_PR_MST_1169.65_,85.9 ,124.3 ,237.1 ,250.8 ,174.0 ,206.0 ,236.2 ,143.2 ,104.5 ,198.4 ,226.5 ,74.2 ,199.9 ,81.6 ,111.1 ,115.6 ,143.7 ,135.4 ,275.7 ,73.7 ,176.6 ,214.4 ,106.1 ,222.2 ,88.2 ,151.5 ,179.1 ,141.5 ,245.9 ,120.3 ,79.0 ,91.9 ,261.8 ,90.2 ,143.9 ,72.1 ,174.2 ,104.3 ,222.4 ,128.6 ,185.5 ,114.1 ,92.4 ,172.7 ,67.9 ,56.9 ,63.5 ,31.0 ,101.7 ,107.8 
PR-MST_PR_MST_1195.21_,8.6 ,23.4 ,18.1 ,10.9 ,16.3 ,11.5 ,9.4 ,5.3 ,2.8 ,15.5 ,12.6 ,7.1 ,21.2 ,17.3 ,4.0 ,8.0 ,3.6 ,10.0 ,18.1 ,22.7 ,26.3 ,11.5 ,17.5 ,16.6 ,11.1 ,20.3 ,4.2 ,8.1 ,56.1 ,5.0 ,15.0 ,16.7 ,49.0 ,10.4 ,15.4 ,12.5 ,16.9 ,6.7 ,8.0 ,4.6 ,17.1 ,6.7 ,5.1 ,11.7 ,9.7 ,11.3 ,8.8 ,4.4 ,15.4 ,5.0 
Valine_1209.32_Val_2TMS,64.2 ,44.8 ,69.5 ,84.8 ,76.3 ,82.0 ,62.5 ,70.0 ,70.9 ,75.3 ,84.8 ,75.9 ,38.3 ,64.5 ,73.7 ,86.2 ,74.5 ,81.8 ,78.2 ,57.9 ,47.5 ,74.6 ,72.3 ,73.1 ,54.7 ,77.0 ,78.3 ,80.5 ,46.8 ,84.1 ,71.4 ,71.0 ,44.9 ,86.6 ,72.7 ,62.3 ,54.6 ,74.9 ,60.1 ,72.2 ,62.8 ,68.5 ,74.6 ,74.4 ,68.5 ,69.7 ,70.5 ,65.0 ,77.9 ,66.3 
PR-MST_PR_MST_1228.96_,244.5 ,119.8 ,256.1 ,234.4 ,201.4 ,222.3 ,278.3 ,251.6 ,212.4 ,256.3 ,213.5 ,279.8 ,148.3 ,197.5 ,271.7 ,222.7 ,187.8 ,200.4 ,221.0 ,114.3 ,78.0 ,167.8 ,144.3 ,144.7 ,141.4 ,179.0 ,142.4 ,157.6 ,52.8 ,157.8 ,138.9 ,119.0 ,59.6 ,137.8 ,170.1 ,110.6 ,82.8 ,214.6 ,148.9 ,204.2 ,192.2 ,224.8 ,238.2 ,175.5 ,200.2 ,243.0 ,219.7 ,183.0 ,249.5 ,169.9 
Urea_1252.10_Urea_2TMS,4.2 ,5.9 ,39.3 ,33.2 ,31.1 ,29.9 ,38.6 ,34.7 ,31.4 ,38.0 ,31.0 ,3.9 ,5.9 ,38.5 ,35.4 ,2.9 ,23.5 ,32.6 ,1.8 ,24.2 ,19.1 ,0.6 ,23.6 ,26.4 ,5.5 ,1.7 ,27.5 ,26.7 ,15.7 ,27.8 ,33.8 ,28.5 ,4.1 ,26.3 ,29.9 ,23.9 ,2.4 ,27.8 ,26.2 ,26.3 ,0.7 ,33.8 ,30.7 ,0.0 ,32.5 ,24.2 ,0.3 ,25.9 ,31.7 ,23.7 
Ethanolamine_1262.51_EA_3TMS,29.7 ,21.9 ,51.0 ,29.2 ,31.6 ,34.2 ,35.8 ,28.0 ,32.9 ,38.3 ,32.5 ,29.6 ,24.0 ,38.5 ,39.8 ,48.1 ,24.5 ,48.7 ,43.5 ,28.5 ,21.5 ,33.5 ,51.7 ,43.6 ,27.5 ,36.1 ,35.4 ,48.4 ,20.2 ,43.5 ,38.3 ,33.5 ,20.9 ,40.1 ,34.9 ,34.7 ,33.7 ,48.1 ,29.2 ,43.3 ,42.6 ,42.6 ,42.2 ,35.6 ,37.9 ,37.4 ,40.1 ,34.1 ,44.9 ,27.3 
Phosphate_1264.35_P_3TMS,1724.8 ,1145.0 ,2643.6 ,2273.0 ,2075.8 ,2940.3 ,2661.4 ,2459.0 ,3258.5 ,2434.0 ,1822.0 ,2369.7 ,1476.5 ,2682.4 ,2531.1 ,2047.2 ,2453.1 ,2916.1 ,4022.6 ,3571.9 ,2896.0 ,3889.5 ,3309.9 ,3938.9 ,2561.9 ,4351.3 ,3035.9 ,3117.0 ,3324.1 ,2815.8 ,3237.7 ,2934.4 ,2019.7 ,3307.3 ,2744.9 ,2720.7 ,3483.5 ,2682.2 ,2410.2 ,3058.3 ,3558.0 ,2381.2 ,2937.4 ,3688.2 ,2592.9 ,3227.6 ,3783.4 ,2726.0 ,2568.5 ,2784.8 
Isoleucine_1287.00_Ile_2TMS,33.8 ,26.7 ,37.3 ,48.7 ,43.8 ,51.9 ,36.7 ,40.2 ,42.9 ,42.8 ,44.2 ,41.2 ,25.5 ,37.5 ,46.0 ,50.9 ,45.5 ,51.8 ,47.8 ,38.8 ,29.8 ,47.7 ,43.4 ,45.8 ,35.2 ,50.0 ,50.9 ,54.8 ,30.6 ,54.4 ,47.4 ,40.6 ,26.6 ,54.3 ,46.3 ,38.9 ,34.0 ,55.9 ,37.4 ,42.9 ,40.7 ,42.4 ,49.9 ,48.8 ,51.3 ,51.1 ,48.1 ,38.2 ,50.1 ,45.4 
Proline_1294.99_Pro_2TMS,893.4 ,436.0 ,696.1 ,673.9 ,531.7 ,781.1 ,901.9 ,864.7 ,1039.0 ,662.2 ,515.8 ,761.1 ,341.9 ,875.2 ,869.8 ,951.4 ,911.4 ,839.9 ,606.1 ,626.4 ,441.8 ,765.5 ,868.8 ,628.2 ,606.1 ,649.8 ,913.7 ,827.5 ,232.6 ,903.5 ,714.9 ,700.4 ,185.1 ,941.8 ,649.4 ,759.2 ,542.7 ,911.2 ,596.5 ,945.3 ,595.0 ,813.7 ,949.1 ,791.9 ,786.7 ,834.0 ,857.0 ,725.5 ,736.5 ,728.1 
Maleiate_1296.19_M_2TMS,69.5 ,48.7 ,82.8 ,77.8 ,70.6 ,71.2 ,91.8 ,76.6 ,81.4 ,79.8 ,72.1 ,67.0 ,44.5 ,65.9 ,81.0 ,74.8 ,79.6 ,74.9 ,68.5 ,52.7 ,45.1 ,61.4 ,63.9 ,67.7 ,51.9 ,67.5 ,73.9 ,67.2 ,43.9 ,73.5 ,64.0 ,54.6 ,44.3 ,67.6 ,72.4 ,56.3 ,54.0 ,85.8 ,64.7 ,85.0 ,65.8 ,81.3 ,87.6 ,78.3 ,68.8 ,68.7 ,69.5 ,72.7 ,85.7 ,72.7 
Glycine_1301.49_Gly_3TMS,453.2 ,170.2 ,240.5 ,203.7 ,306.4 ,271.3 ,297.1 ,435.1 ,300.5 ,319.9 ,473.0 ,437.9 ,145.5 ,258.3 ,338.0 ,367.8 ,360.7 ,235.6 ,345.9 ,204.9 ,186.3 ,337.1 ,222.2 ,291.3 ,250.1 ,363.0 ,311.0 ,338.8 ,151.8 ,240.8 ,276.4 ,216.0 ,132.7 ,316.6 ,189.5 ,278.1 ,303.5 ,384.6 ,304.2 ,357.9 ,370.2 ,257.4 ,246.8 ,451.2 ,247.8 ,410.5 ,346.0 ,318.8 ,323.6 ,190.7 
Succinate_1305.56_SucA_2TMS,895.3 ,495.8 ,815.7 ,846.0 ,818.3 ,889.6 ,875.8 ,914.0 ,794.3 ,835.8 ,808.1 ,952.5 ,532.9 ,739.0 ,888.6 ,865.5 ,876.2 ,876.4 ,884.5 ,634.4 ,478.1 ,915.1 ,885.6 ,833.0 ,610.9 ,912.0 ,895.5 ,945.1 ,495.1 ,913.6 ,874.1 ,905.3 ,413.8 ,922.1 ,848.4 ,754.8 ,842.5 ,880.7 ,750.5 ,947.1 ,855.6 ,854.3 ,909.1 ,865.5 ,835.8 ,962.2 ,940.9 ,1004.8 ,880.9 ,808.3 
Glycerate_1319.32_GlycA_3TMS,102.9 ,60.7 ,151.1 ,137.5 ,110.9 ,148.3 ,159.9 ,130.2 ,134.1 ,145.0 ,120.1 ,135.4 ,70.0 ,110.9 ,148.0 ,108.9 ,104.7 ,122.6 ,163.1 ,81.5 ,60.9 ,138.2 ,97.9 ,106.6 ,76.2 ,134.0 ,96.6 ,105.1 ,45.8 ,99.8 ,94.0 ,68.9 ,37.8 ,99.3 ,104.1 ,70.6 ,63.8 ,155.6 ,102.7 ,157.3 ,143.1 ,143.3 ,170.7 ,139.5 ,114.6 ,143.3 ,169.8 ,126.8 ,145.9 ,124.3 
MST_1330.49_MST_1358.9,32.7 ,49.6 ,49.1 ,42.8 ,54.7 ,39.3 ,36.1 ,30.9 ,27.7 ,48.1 ,43.6 ,39.0 ,50.0 ,51.1 ,31.1 ,33.8 ,31.3 ,38.9 ,51.5 ,54.3 ,54.1 ,44.7 ,50.6 ,52.7 ,42.4 ,59.5 ,31.1 ,38.8 ,76.0 ,34.8 ,55.6 ,56.2 ,85.5 ,43.4 ,58.7 ,47.4 ,49.3 ,42.5 ,36.0 ,35.0 ,56.2 ,43.2 ,38.8 ,51.6 ,48.2 ,47.7 ,42.5 ,32.7 ,56.1 ,36.2 
Uracil_1331.93_Ura_2TMS,2.8 ,2.5 ,5.1 ,4.2 ,4.1 ,4.1 ,3.8 ,4.1 ,4.3 ,3.6 ,3.9 ,3.4 ,3.9 ,3.1 ,4.3 ,3.9 ,5.0 ,4.5 ,4.8 ,3.4 ,3.2 ,4.0 ,4.4 ,5.5 ,3.3 ,4.7 ,5.0 ,3.9 ,3.1 ,6.5 ,4.2 ,3.5 ,4.3 ,4.3 ,4.6 ,3.5 ,4.3 ,2.8 ,1.9 ,2.6 ,2.3 ,2.0 ,1.6 ,2.3 ,1.6 ,1.2 ,1.1 ,0.5 ,2.0 ,2.0 
Fumarate_1342.76_FumA_2TMS,799.8 ,436.4 ,947.6 ,872.0 ,665.5 ,712.7 ,964.4 ,902.0 ,698.8 ,828.1 ,854.8 ,894.2 ,428.1 ,568.1 ,753.7 ,700.3 ,842.7 ,757.5 ,705.4 ,419.8 ,283.2 ,659.2 ,540.9 ,510.4 ,419.5 ,656.4 ,676.1 ,770.0 ,221.7 ,681.5 ,552.7 ,447.3 ,323.2 ,705.7 ,807.7 ,452.5 ,459.2 ,1023.3 ,699.0 ,1074.0 ,874.3 ,976.9 ,1227.0 ,852.2 ,877.0 ,1135.5 ,1010.5 ,1282.0 ,1086.0 ,953.7 
Serine_1351.23_Ser_3TMS,2308.2 ,1598.3 ,2090.6 ,2156.7 ,1997.8 ,2211.8 ,1958.7 ,2429.5 ,2329.8 ,1944.6 ,1820.1 ,2359.5 ,1515.0 ,2340.7 ,2366.7 ,2081.0 ,2242.6 ,2222.2 ,2137.9 ,1980.8 ,1489.0 ,2142.5 ,2172.7 ,2109.4 ,1908.9 ,2337.6 ,2251.6 ,2160.2 ,1484.2 ,2398.5 ,2256.2 ,2207.6 ,1099.5 ,2402.7 ,2056.2 ,2183.6 ,1907.9 ,2260.2 ,1624.0 ,2241.8 ,1897.9 ,2077.6 ,2107.9 ,2010.7 ,2219.2 ,2596.8 ,2133.5 ,2284.6 ,2057.7 ,1977.2 
Alanine_1357.07_Ala_3TMS,95.1 ,36.3 ,116.7 ,150.0 ,113.6 ,116.0 ,94.5 ,80.8 ,75.5 ,121.0 ,225.0 ,97.6 ,54.8 ,61.1 ,81.4 ,78.3 ,91.8 ,86.9 ,139.4 ,42.1 ,41.1 ,112.5 ,74.5 ,120.2 ,31.8 ,96.0 ,130.6 ,77.0 ,47.0 ,78.4 ,73.8 ,82.2 ,68.5 ,95.6 ,93.1 ,43.5 ,78.9 ,77.5 ,101.9 ,76.4 ,91.5 ,72.2 ,69.0 ,101.4 ,51.9 ,44.3 ,49.9 ,44.4 ,74.8 ,73.2 
PR-MST_PR_MST_1363.63_,34.9 ,19.4 ,34.7 ,44.1 ,40.8 ,36.9 ,37.6 ,36.1 ,30.9 ,44.8 ,36.5 ,36.1 ,26.4 ,32.9 ,47.7 ,34.3 ,39.5 ,38.8 ,42.9 ,27.0 ,17.8 ,40.5 ,25.4 ,31.9 ,27.2 ,41.1 ,33.0 ,35.8 ,19.5 ,39.2 ,39.4 ,29.5 ,16.1 ,33.2 ,51.2 ,33.2 ,28.3 ,46.9 ,43.0 ,37.7 ,46.6 ,44.2 ,49.5 ,47.9 ,44.0 ,42.3 ,45.2 ,20.1 ,50.1 ,43.0 
Pipecolate_1363.84_PIP_2TMS,2.3 ,1.1 ,3.7 ,1.6 ,0.4 ,3.5 ,3.8 ,2.5 ,3.4 ,2.0 ,1.6 ,1.8 ,1.2 ,3.5 ,2.9 ,6.2 ,1.8 ,3.2 ,4.2 ,1.2 ,0.9 ,1.1 ,4.3 ,1.7 ,1.6 ,1.9 ,2.1 ,2.4 ,0.9 ,2.9 ,0.8 ,1.1 ,0.6 ,1.4 ,0.9 ,1.6 ,0.8 ,0.7 ,0.2 ,1.2 ,1.8 ,1.2 ,1.0 ,1.3 ,0.0 ,0.7 ,2.7 ,1.2 ,1.0 ,0.4 
MST_1365.99_MST_1376.5,9.3 ,4.9 ,6.9 ,13.5 ,8.1 ,10.9 ,7.4 ,7.4 ,7.4 ,8.1 ,19.5 ,14.8 ,6.7 ,9.9 ,9.8 ,9.8 ,7.8 ,6.5 ,6.7 ,5.8 ,5.2 ,7.5 ,5.9 ,6.6 ,5.9 ,6.8 ,8.9 ,6.4 ,4.3 ,6.6 ,7.9 ,8.7 ,6.2 ,11.0 ,6.8 ,7.4 ,6.2 ,8.0 ,6.5 ,7.3 ,6.0 ,7.1 ,6.8 ,6.6 ,6.7 ,10.0 ,6.2 ,6.0 ,7.7 ,5.9 
Threonic_1370.40_ThrAL_2TMS,60.9 ,38.7 ,65.4 ,61.5 ,60.6 ,70.2 ,65.0 ,61.7 ,60.1 ,73.6 ,61.2 ,64.4 ,41.3 ,50.3 ,73.1 ,74.2 ,57.5 ,55.7 ,57.9 ,37.9 ,27.8 ,47.4 ,52.5 ,51.9 ,39.4 ,53.1 ,47.5 ,54.3 ,30.3 ,54.5 ,41.8 ,43.1 ,26.6 ,48.3 ,46.9 ,37.7 ,37.7 ,54.8 ,42.9 ,58.5 ,50.2 ,55.7 ,59.6 ,54.2 ,54.9 ,57.8 ,52.6 ,60.1 ,60.6 ,45.9 
Threonine_1375.90_Thr_3TMS,402.0 ,223.7 ,431.7 ,412.8 ,415.2 ,409.2 ,461.6 ,439.1 ,388.3 ,420.2 ,390.6 ,385.6 ,237.2 ,398.4 ,443.5 ,438.1 ,400.5 ,444.6 ,434.8 ,276.7 ,194.4 ,399.0 ,390.4 ,423.3 ,267.4 ,397.6 ,417.9 ,393.2 ,186.5 ,436.2 ,334.9 ,350.8 ,173.9 ,462.0 ,412.8 ,322.2 ,324.6 ,363.3 ,254.0 ,310.1 ,285.5 ,309.1 ,321.0 ,376.2 ,289.9 ,302.9 ,317.5 ,241.5 ,375.4 ,288.2 
PR-MST_PR_MST_1389.90_,75.9 ,30.4 ,59.2 ,63.7 ,56.3 ,64.6 ,64.5 ,65.1 ,54.1 ,65.7 ,62.3 ,82.7 ,38.4 ,51.5 ,90.3 ,73.9 ,62.3 ,64.4 ,68.6 ,40.9 ,27.9 ,60.9 ,54.0 ,56.8 ,46.2 ,56.4 ,60.3 ,68.6 ,25.7 ,60.5 ,55.4 ,47.8 ,22.6 ,59.7 ,62.7 ,50.5 ,58.2 ,98.2 ,70.6 ,84.0 ,84.9 ,78.8 ,98.1 ,85.3 ,69.8 ,89.6 ,103.1 ,109.7 ,87.1 ,66.4 
PR-MST_PR_MST_1403.00_,9.7 ,6.7 ,9.0 ,11.2 ,8.3 ,10.7 ,10.2 ,10.7 ,8.7 ,9.8 ,8.0 ,10.9 ,4.8 ,9.0 ,11.6 ,13.5 ,9.9 ,9.8 ,9.3 ,7.9 ,6.4 ,9.0 ,9.7 ,8.9 ,8.4 ,7.9 ,8.7 ,10.1 ,4.7 ,8.8 ,8.4 ,9.0 ,4.1 ,9.7 ,8.1 ,9.1 ,7.8 ,23.3 ,17.6 ,18.1 ,20.3 ,19.1 ,21.1 ,20.1 ,16.0 ,19.4 ,22.5 ,21.1 ,19.0 ,15.2 
PR-MST_PR_MST_1419.39_,13.9 ,7.5 ,13.9 ,13.5 ,14.0 ,11.4 ,16.7 ,14.3 ,12.3 ,13.0 ,20.0 ,13.2 ,6.8 ,7.4 ,13.0 ,15.5 ,11.4 ,11.0 ,16.5 ,4.1 ,3.3 ,9.8 ,8.4 ,13.4 ,4.1 ,9.1 ,11.0 ,9.1 ,4.3 ,10.0 ,6.9 ,8.0 ,4.0 ,9.1 ,8.6 ,6.2 ,13.9 ,8.7 ,8.8 ,6.7 ,7.5 ,7.2 ,7.3 ,10.0 ,5.9 ,5.5 ,5.8 ,23.4 ,7.8 ,5.8 
beta-Alanine_1422.34_b-Ala_3TMS,42.7 ,23.7 ,49.1 ,45.8 ,44.2 ,47.5 ,45.7 ,48.4 ,42.8 ,49.5 ,47.8 ,44.6 ,24.3 ,38.4 ,44.5 ,56.4 ,43.8 ,48.0 ,48.6 ,30.5 ,21.0 ,42.3 ,44.0 ,41.9 ,28.8 ,44.9 ,44.9 ,44.5 ,23.9 ,50.5 ,38.0 ,42.6 ,22.4 ,48.1 ,45.0 ,38.1 ,36.0 ,56.5 ,42.0 ,53.1 ,48.6 ,48.8 ,55.6 ,57.2 ,50.2 ,58.1 ,53.8 ,50.5 ,57.0 ,46.0 
Threose_1433.31_Threose_3TMS,35.4 ,16.2 ,34.7 ,32.0 ,31.9 ,39.0 ,36.1 ,35.6 ,30.6 ,39.7 ,11.0 ,43.7 ,21.8 ,27.4 ,32.4 ,46.3 ,31.6 ,35.3 ,32.9 ,15.2 ,11.9 ,31.6 ,30.0 ,25.0 ,16.4 ,36.9 ,25.5 ,36.5 ,14.5 ,32.8 ,25.3 ,27.9 ,14.5 ,31.3 ,32.1 ,23.9 ,17.0 ,9.2 ,12.8 ,26.5 ,25.8 ,30.2 ,31.5 ,17.4 ,33.0 ,27.0 ,25.1 ,27.5 ,30.8 ,19.5 
Homoserine_1439.46_hSer_3TMS,7.6 ,5.1 ,8.8 ,7.2 ,8.5 ,7.3 ,7.7 ,9.7 ,10.1 ,7.9 ,7.6 ,8.5 ,5.3 ,7.3 ,9.9 ,8.5 ,8.6 ,7.8 ,8.0 ,5.1 ,4.8 ,7.6 ,8.7 ,8.4 ,5.8 ,7.5 ,7.7 ,7.4 ,4.8 ,8.0 ,7.6 ,6.7 ,5.0 ,7.6 ,7.4 ,6.8 ,7.0 ,12.7 ,9.2 ,12.4 ,10.1 ,11.9 ,10.3 ,10.6 ,9.4 ,9.9 ,11.7 ,10.7 ,10.9 ,9.1 
PR-MST_PR_MST_1441.29_,8.3 ,7.7 ,11.7 ,8.3 ,8.6 ,9.9 ,7.7 ,9.4 ,8.9 ,10.5 ,8.7 ,8.9 ,6.5 ,10.1 ,10.2 ,11.2 ,8.4 ,10.7 ,10.1 ,7.8 ,7.6 ,8.6 ,10.2 ,9.9 ,8.6 ,9.0 ,8.2 ,10.3 ,7.9 ,8.5 ,8.2 ,8.0 ,8.0 ,9.6 ,8.4 ,8.7 ,8.4 ,11.0 ,8.2 ,10.9 ,11.8 ,10.2 ,10.9 ,10.0 ,9.0 ,9.3 ,10.1 ,9.0 ,11.2 ,6.6 
MST_1452.38_MST_1467.9,124.6 ,123.6 ,135.6 ,194.5 ,225.0 ,264.8 ,143.7 ,226.1 ,266.6 ,149.3 ,352.7 ,293.5 ,123.7 ,245.3 ,363.6 ,228.1 ,260.4 ,216.6 ,273.2 ,211.9 ,170.0 ,251.1 ,265.9 ,309.1 ,152.9 ,280.9 ,358.7 ,274.2 ,148.1 ,366.0 ,303.2 ,246.2 ,119.6 ,384.7 ,267.0 ,263.0 ,367.4 ,620.6 ,389.2 ,531.1 ,404.8 ,349.9 ,368.8 ,478.0 ,360.3 ,492.1 ,443.5 ,437.9 ,400.3 ,479.1 
PR-MST_1453.38_OrnLm_2TMS,1.8 ,0.3 ,3.2 ,6.0 ,2.8 ,0.7 ,3.2 ,1.7 ,1.0 ,2.5 ,6.3 ,0.9 ,3.1 ,1.2 ,3.0 ,1.3 ,1.1 ,1.4 ,2.4 ,0.5 ,0.3 ,2.3 ,0.2 ,1.9 ,1.0 ,2.0 ,2.1 ,1.0 ,3.4 ,1.7 ,0.8 ,0.6 ,1.5 ,1.8 ,2.3 ,0.3 ,3.2 ,18.5 ,9.7 ,8.6 ,7.7 ,5.5 ,5.5 ,12.6 ,4.3 ,5.3 ,7.4 ,0.1 ,8.9 ,17.0 
MST_1463.46_MST_1479.3,26.3 ,17.8 ,49.3 ,41.6 ,34.1 ,27.5 ,39.2 ,33.8 ,27.6 ,44.3 ,39.4 ,28.8 ,32.3 ,24.8 ,34.2 ,27.8 ,27.8 ,28.5 ,40.4 ,20.0 ,18.6 ,31.8 ,23.1 ,23.8 ,24.6 ,31.7 ,27.6 ,27.4 ,22.9 ,27.4 ,26.2 ,21.1 ,21.6 ,24.8 ,29.6 ,21.6 ,20.6 ,38.1 ,30.5 ,31.8 ,37.0 ,39.5 ,39.5 ,34.4 ,31.3 ,36.3 ,37.2 ,26.4 ,40.9 ,44.0 
MST_1465.07_MST_1480.5,287.8 ,169.2 ,393.8 ,348.9 ,276.0 ,330.0 ,410.8 ,354.6 ,329.5 ,363.6 ,315.6 ,340.9 ,182.0 ,256.4 ,389.8 ,249.2 ,275.5 ,275.0 ,313.2 ,141.5 ,110.2 ,236.1 ,180.1 ,183.8 ,181.1 ,262.1 ,210.1 ,186.3 ,84.5 ,206.3 ,191.7 ,131.8 ,89.1 ,188.5 ,211.7 ,129.0 ,107.3 ,311.5 ,196.3 ,296.1 ,289.1 ,293.3 ,298.8 ,239.6 ,232.5 ,297.2 ,289.1 ,220.3 ,307.5 ,223.7 
Malate_1475.89_MalA_3TMS,358.5 ,210.7 ,523.4 ,513.4 ,334.2 ,362.2 ,686.2 ,443.4 ,348.9 ,453.2 ,411.4 ,436.4 ,300.8 ,358.4 ,506.0 ,370.3 ,388.1 ,364.8 ,372.8 ,219.1 ,140.1 ,313.3 ,351.7 ,403.8 ,254.8 ,332.1 ,314.1 ,363.4 ,170.7 ,373.5 ,357.1 ,316.2 ,179.2 ,407.8 ,461.3 ,280.9 ,262.5 ,613.1 ,604.4 ,775.3 ,696.9 ,635.6 ,709.0 ,639.3 ,503.6 ,552.9 ,715.3 ,513.0 ,850.3 ,726.2 
Threitol_1484.29_Threitol_4TMS,7.6 ,6.8 ,7.8 ,8.7 ,7.8 ,8.0 ,9.1 ,9.7 ,9.7 ,8.3 ,8.7 ,7.5 ,5.8 ,7.9 ,10.8 ,8.8 ,9.5 ,8.1 ,8.1 ,6.7 ,6.0 ,7.6 ,7.7 ,7.3 ,7.0 ,6.4 ,9.0 ,8.3 ,4.2 ,7.9 ,7.6 ,7.0 ,4.1 ,8.3 ,7.2 ,7.3 ,7.0 ,8.2 ,6.5 ,7.8 ,6.1 ,8.6 ,8.5 ,6.4 ,7.6 ,6.7 ,7.8 ,7.5 ,6.4 ,7.3 
Erythritol_1492.64_Ery_4TMS,24.5 ,15.6 ,29.3 ,24.0 ,24.4 ,25.8 ,27.1 ,25.1 ,26.7 ,27.7 ,24.0 ,24.9 ,16.6 ,25.7 ,25.9 ,24.8 ,23.2 ,26.9 ,28.7 ,16.4 ,13.3 ,22.1 ,23.4 ,25.4 ,15.5 ,25.9 ,25.1 ,22.5 ,14.4 ,25.8 ,19.4 ,22.6 ,12.7 ,23.6 ,24.8 ,20.4 ,18.5 ,32.9 ,26.7 ,34.9 ,28.1 ,27.9 ,28.0 ,39.3 ,24.3 ,24.3 ,32.3 ,30.9 ,32.1 ,26.9 
MST_1499.18_MST_1508.3,208.9 ,115.1 ,313.6 ,323.6 ,352.4 ,306.6 ,254.6 ,262.3 ,291.8 ,338.5 ,463.5 ,241.2 ,182.7 ,194.5 ,339.0 ,319.6 ,311.0 ,288.9 ,359.8 ,150.7 ,152.9 ,320.2 ,303.2 ,369.0 ,127.3 ,339.0 ,364.7 ,285.6 ,181.5 ,394.3 ,271.6 ,253.2 ,155.2 ,356.8 ,367.6 ,304.5 ,396.7 ,390.6 ,316.5 ,337.8 ,363.7 ,295.2 ,260.0 ,434.0 ,300.6 ,260.2 ,247.9 ,285.8 ,353.6 ,304.4 
Salicylate_1506.41_SalA_2TMS,636.2 ,483.2 ,628.5 ,640.4 ,607.0 ,622.9 ,643.4 ,636.0 ,607.0 ,602.0 ,626.6 ,667.1 ,489.8 ,566.7 ,645.0 ,599.1 ,601.3 ,630.0 ,644.2 ,531.4 ,502.9 ,645.1 ,602.1 ,601.2 ,568.3 ,640.9 ,640.3 ,643.0 ,488.0 ,651.2 ,623.5 ,615.3 ,458.0 ,635.8 ,632.8 ,591.6 ,603.1 ,655.3 ,547.9 ,673.8 ,619.7 ,620.6 ,631.3 ,600.4 ,596.5 ,657.6 ,639.6 ,670.1 ,614.3 ,590.8 
Aspartate_1509.58_Asp_3TMS,1040.6 ,615.5 ,1111.4 ,1166.4 ,1043.1 ,1048.9 ,1090.4 ,1157.7 ,1158.5 ,1075.2 ,1010.2 ,993.3 ,611.6 ,1054.9 ,1089.3 ,1172.4 ,1112.6 ,1202.6 ,1109.9 ,746.1 ,520.9 ,986.2 ,1077.0 ,1103.0 ,710.6 ,1039.0 ,1023.2 ,1075.4 ,488.6 ,1115.3 ,816.7 ,852.7 ,516.1 ,1104.8 ,999.6 ,741.9 ,797.5 ,1097.3 ,853.9 ,1143.4 ,949.8 ,1106.4 ,1144.6 ,1015.8 ,973.3 ,1059.4 ,1164.0 ,850.2 ,1194.8 ,955.5 
Methionine_1515.27_Met_2TMS,9.2 ,5.7 ,12.4 ,10.0 ,10.2 ,10.9 ,10.3 ,10.7 ,10.0 ,10.4 ,11.0 ,11.4 ,5.5 ,8.4 ,13.2 ,12.6 ,13.6 ,12.1 ,10.8 ,8.4 ,6.8 ,11.7 ,10.9 ,11.8 ,8.6 ,11.3 ,12.9 ,12.0 ,7.0 ,13.7 ,12.2 ,10.6 ,5.5 ,12.4 ,12.1 ,12.1 ,10.9 ,405.0 ,266.4 ,292.4 ,238.7 ,361.1 ,392.3 ,285.4 ,379.4 ,369.0 ,426.2 ,399.3 ,305.5 ,459.5 
Pyroglutamate_1521.20_pGlu_2TMS,2812.4 ,1978.3 ,2601.6 ,2802.1 ,2571.4 ,2681.3 ,2535.8 ,3075.3 ,3305.0 ,2422.4 ,2756.7 ,3434.1 ,1728.0 ,2677.4 ,3010.2 ,3292.8 ,2967.5 ,2927.7 ,2750.9 ,2535.3 ,1975.2 ,2586.5 ,2958.1 ,2833.8 ,2585.0 ,2695.2 ,2903.4 ,2912.4 ,1838.8 ,3156.5 ,2914.8 ,3139.0 ,1736.0 ,3170.3 ,2611.9 ,3226.3 ,2540.4 ,2793.0 ,1996.7 ,2747.3 ,2298.7 ,2478.4 ,2596.1 ,2449.6 ,2523.6 ,2982.8 ,2729.5 ,3186.6 ,2438.0 ,2211.1 
gamma-Amino-n-butyrate_1525.05_GABA_3TMS,81.3 ,57.0 ,60.3 ,71.9 ,56.3 ,196.5 ,59.2 ,84.2 ,71.1 ,76.5 ,186.8 ,167.2 ,50.1 ,60.6 ,89.9 ,329.1 ,62.7 ,107.3 ,93.4 ,75.5 ,51.1 ,106.9 ,88.9 ,81.6 ,72.0 ,84.2 ,120.7 ,92.3 ,42.8 ,101.7 ,165.1 ,152.2 ,85.0 ,125.3 ,107.7 ,153.9 ,81.7 ,57.7 ,54.4 ,65.6 ,52.4 ,63.5 ,65.0 ,66.8 ,58.8 ,69.3 ,58.6 ,116.0 ,90.4 ,55.9 
Threonate_1543.85_ThrA_4TMS,1439.0 ,874.3 ,1653.6 ,1524.2 ,1279.8 ,1538.0 ,1679.6 ,1610.8 ,1542.3 ,1561.1 ,1364.9 ,1630.2 ,891.4 ,1269.4 ,1705.2 ,1436.5 ,1299.3 ,1382.9 ,1383.8 ,802.8 ,589.7 ,1068.8 ,1111.1 ,1083.7 ,981.2 ,1235.3 ,1062.5 ,1126.9 ,457.7 ,1124.5 ,954.2 ,865.9 ,487.9 ,1076.6 ,1046.8 ,769.6 ,652.2 ,1361.1 ,939.4 ,1385.8 ,1292.7 ,1299.3 ,1349.4 ,1149.5 ,1198.2 ,1456.4 ,1309.3 ,1190.7 ,1405.9 ,1018.6 
MST_1553.23_MST_1566.3,19.1 ,14.9 ,19.9 ,23.6 ,25.5 ,26.4 ,17.6 ,23.5 ,26.9 ,21.4 ,33.8 ,28.0 ,15.8 ,20.9 ,28.8 ,33.8 ,22.6 ,26.0 ,24.2 ,21.1 ,17.4 ,24.2 ,28.3 ,28.1 ,19.7 ,26.6 ,27.9 ,27.0 ,16.2 ,31.0 ,27.1 ,29.6 ,15.4 ,32.7 ,26.9 ,35.1 ,30.6 ,32.1 ,21.0 ,28.1 ,26.2 ,23.2 ,23.1 ,31.2 ,25.2 ,31.1 ,26.3 ,22.6 ,27.3 ,20.3 
Serine_1565.13_Ser_4TMS,58.9 ,29.7 ,104.1 ,89.9 ,86.3 ,76.1 ,85.2 ,71.1 ,57.8 ,85.8 ,80.8 ,45.9 ,58.8 ,51.9 ,81.9 ,48.7 ,76.8 ,61.4 ,110.9 ,30.6 ,29.3 ,88.8 ,56.4 ,94.5 ,27.6 ,77.5 ,88.7 ,56.8 ,47.1 ,66.5 ,45.2 ,46.2 ,31.7 ,64.4 ,72.9 ,43.4 ,72.7 ,83.3 ,80.7 ,59.3 ,75.8 ,61.7 ,51.5 ,103.9 ,59.4 ,50.9 ,44.6 ,39.1 ,61.0 ,75.3 
MST_1571.87_MST_1585.2,23.9 ,17.5 ,29.4 ,23.3 ,27.2 ,28.4 ,30.7 ,29.9 ,24.2 ,30.5 ,30.9 ,27.9 ,19.3 ,19.5 ,29.8 ,33.1 ,24.2 ,23.8 ,28.4 ,17.5 ,15.4 ,22.0 ,23.3 ,26.8 ,19.4 ,25.5 ,23.6 ,26.7 ,12.5 ,20.5 ,16.6 ,19.6 ,15.0 ,24.7 ,20.8 ,17.5 ,19.4 ,23.3 ,21.2 ,24.4 ,21.0 ,26.3 ,26.8 ,26.0 ,24.6 ,24.8 ,19.0 ,20.2 ,22.9 ,21.1 
MST_1575.83_MST_1588.3,22.9 ,18.3 ,16.9 ,28.6 ,28.4 ,37.1 ,17.5 ,30.2 ,33.0 ,22.8 ,39.7 ,35.4 ,18.2 ,23.1 ,37.1 ,39.7 ,30.6 ,33.8 ,27.9 ,25.4 ,22.2 ,30.6 ,34.5 ,31.6 ,24.9 ,31.2 ,34.6 ,37.3 ,21.1 ,37.6 ,34.7 ,36.4 ,19.2 ,40.1 ,29.1 ,41.4 ,36.7 ,38.1 ,24.2 ,38.2 ,29.9 ,31.0 ,31.8 ,36.1 ,33.2 ,38.6 ,33.2 ,28.8 ,29.3 ,24.1 
MST_1586.01_MST_1596.7,29.2 ,16.4 ,73.7 ,85.2 ,117.7 ,61.9 ,64.8 ,67.9 ,75.5 ,91.7 ,148.2 ,35.0 ,33.3 ,30.7 ,82.3 ,87.2 ,75.7 ,65.3 ,92.6 ,19.0 ,24.0 ,70.0 ,61.4 ,104.9 ,13.3 ,81.8 ,86.8 ,57.2 ,43.3 ,96.3 ,46.1 ,46.0 ,34.1 ,94.5 ,87.1 ,52.2 ,81.7 ,86.8 ,68.9 ,52.9 ,71.0 ,50.9 ,42.7 ,104.9 ,51.1 ,32.3 ,35.2 ,5.0 ,70.0 ,81.4 
Ornithine_1605.98_Orn_3TMS,93.6 ,47.5 ,92.4 ,113.4 ,141.5 ,74.7 ,94.6 ,80.2 ,88.3 ,101.7 ,177.1 ,81.9 ,66.8 ,78.1 ,102.7 ,95.9 ,85.7 ,84.9 ,85.6 ,54.3 ,32.7 ,7.0 ,77.1 ,138.2 ,42.9 ,92.7 ,78.3 ,77.1 ,55.1 ,97.6 ,63.0 ,80.0 ,59.6 ,129.8 ,149.6 ,71.6 ,136.2 ,254.3 ,184.6 ,150.3 ,169.1 ,80.0 ,66.3 ,217.7 ,112.0 ,195.6 ,119.7 ,56.7 ,214.6 ,288.2 
Glutamate_1607.94_Glu_3TMS,1084.9 ,576.6 ,833.0 ,864.3 ,807.4 ,934.0 ,833.9 ,1033.7 ,1023.5 ,876.4 ,833.4 ,1154.6 ,468.8 ,902.5 ,1001.8 ,1083.3 ,952.3 ,1053.7 ,778.2 ,712.9 ,474.6 ,813.6 ,925.0 ,779.5 ,682.5 ,882.9 ,890.0 ,978.5 ,359.3 ,1033.7 ,883.9 ,938.9 ,385.8 ,1026.4 ,866.1 ,813.4 ,683.5 ,952.7 ,599.2 ,975.1 ,791.2 ,948.5 ,1009.3 ,819.4 ,929.1 ,1134.9 ,1101.7 ,1008.2 ,1013.7 ,768.8 
PR-MST_PR_MST_1617.93_,127.6 ,84.3 ,206.4 ,125.3 ,140.0 ,111.9 ,160.8 ,102.0 ,72.3 ,153.4 ,124.4 ,111.3 ,92.5 ,147.4 ,84.4 ,137.1 ,73.7 ,104.9 ,140.8 ,69.5 ,55.9 ,104.2 ,124.8 ,132.1 ,54.4 ,118.1 ,73.1 ,79.7 ,68.5 ,78.8 ,79.9 ,116.2 ,62.3 ,97.8 ,124.5 ,81.4 ,100.3 ,158.9 ,117.1 ,100.2 ,131.0 ,118.8 ,106.6 ,183.2 ,117.2 ,124.5 ,131.7 ,92.4 ,190.5 ,110.3 
Phenylalanine_1625.10_Phe_2TMS,35.0 ,20.7 ,33.4 ,42.0 ,38.3 ,44.8 ,32.5 ,36.7 ,39.0 ,37.9 ,47.7 ,46.1 ,22.9 ,33.0 ,41.4 ,52.6 ,40.5 ,41.2 ,35.7 ,26.6 ,19.7 ,35.1 ,37.8 ,36.9 ,25.4 ,35.2 ,41.5 ,42.2 ,22.5 ,41.1 ,35.4 ,39.5 ,25.7 ,46.1 ,35.4 ,35.0 ,32.4 ,52.9 ,36.3 ,45.1 ,37.4 ,41.4 ,42.9 ,44.9 ,41.3 ,47.5 ,41.4 ,39.9 ,42.3 ,41.8 
Xylose_1637.78_sumoC5,25.3 ,13.6 ,28.2 ,22.7 ,23.2 ,23.5 ,26.9 ,25.9 ,23.5 ,26.8 ,23.8 ,23.6 ,13.6 ,18.7 ,25.2 ,27.1 ,25.4 ,25.9 ,26.6 ,16.8 ,11.4 ,24.7 ,22.0 ,21.8 ,14.3 ,24.2 ,22.4 ,24.3 ,11.3 ,22.5 ,21.1 ,21.8 ,10.8 ,22.6 ,23.2 ,17.7 ,20.1 ,26.7 ,20.0 ,22.7 ,20.4 ,24.2 ,26.1 ,22.4 ,23.1 ,23.1 ,21.2 ,29.1 ,21.6 ,19.8 
Arabinose_1644.99_sumoC5,16.7 ,8.3 ,14.9 ,14.0 ,15.3 ,11.7 ,14.8 ,16.6 ,12.1 ,15.8 ,14.4 ,15.0 ,9.2 ,12.7 ,14.6 ,18.7 ,14.7 ,13.4 ,14.1 ,7.9 ,5.2 ,14.2 ,12.6 ,13.2 ,6.7 ,11.9 ,12.2 ,12.5 ,6.7 ,12.9 ,10.4 ,13.2 ,6.9 ,13.4 ,14.9 ,10.1 ,12.5 ,17.4 ,16.7 ,15.0 ,14.6 ,18.0 ,18.2 ,18.1 ,17.9 ,15.9 ,17.2 ,15.8 ,16.6 ,16.7 
Homocysteine_1656.09_hCys_3TMS,0.3 ,0.2 ,0.5 ,0.3 ,0.3 ,0.5 ,0.2 ,0.3 ,0.2 ,0.2 ,0.3 ,0.5 ,0.2 ,0.3 ,0.4 ,0.3 ,0.4 ,0.3 ,0.3 ,0.3 ,0.3 ,0.3 ,0.4 ,0.3 ,0.3 ,0.3 ,0.4 ,0.3 ,0.3 ,0.3 ,0.3 ,0.2 ,0.3 ,0.4 ,0.3 ,0.5 ,0.2 ,16.8 ,10.4 ,12.9 ,12.1 ,11.8 ,15.1 ,14.3 ,13.5 ,15.7 ,16.0 ,15.2 ,13.5 ,11.6 
Asparagine_1662.57_Asn_3TMS,642.3 ,373.8 ,421.6 ,495.6 ,553.7 ,569.8 ,450.5 ,699.5 ,690.4 ,485.3 ,690.9 ,857.1 ,295.3 ,562.4 ,719.4 ,988.9 ,578.2 ,627.5 ,482.0 ,508.0 ,341.5 ,548.8 ,690.9 ,509.0 ,475.6 ,499.0 ,594.3 ,637.1 ,281.7 ,703.4 ,663.0 ,777.7 ,228.9 ,760.9 ,502.3 ,864.7 ,558.9 ,819.8 ,453.6 ,749.9 ,509.2 ,623.3 ,719.1 ,684.8 ,679.5 ,942.7 ,881.5 ,592.0 ,682.4 ,520.2 
Ribose_1672.18_sumoC5,12.8 ,7.8 ,13.2 ,12.3 ,12.4 ,12.9 ,13.3 ,14.0 ,12.4 ,13.6 ,12.4 ,14.7 ,8.5 ,10.7 ,16.8 ,13.6 ,11.8 ,14.0 ,13.5 ,8.2 ,6.5 ,11.4 ,11.3 ,12.6 ,8.3 ,12.2 ,12.2 ,13.2 ,5.9 ,12.4 ,11.1 ,9.9 ,5.9 ,12.5 ,12.5 ,9.8 ,10.4 ,14.4 ,12.0 ,16.3 ,13.4 ,14.2 ,16.1 ,14.5 ,15.0 ,15.3 ,17.1 ,12.7 ,15.7 ,14.6 
MST_1679.77_MST_1688.6,20.4 ,15.3 ,21.5 ,26.2 ,27.7 ,24.6 ,20.1 ,25.7 ,28.1 ,21.2 ,38.7 ,32.0 ,13.8 ,21.4 ,28.9 ,37.8 ,22.4 ,27.9 ,28.0 ,21.1 ,16.9 ,25.2 ,28.8 ,31.4 ,23.1 ,25.5 ,27.6 ,28.2 ,15.8 ,31.1 ,28.7 ,32.0 ,15.4 ,36.1 ,24.6 ,37.4 ,26.8 ,26.8 ,17.3 ,23.7 ,22.3 ,20.2 ,22.7 ,30.6 ,21.3 ,28.1 ,25.0 ,17.0 ,23.8 ,18.1 
PR-MST_PR_MST_1682.72_,4.7 ,3.4 ,6.5 ,5.0 ,5.0 ,5.4 ,5.7 ,4.7 ,4.7 ,5.7 ,4.3 ,4.9 ,3.3 ,5.3 ,5.2 ,5.4 ,4.2 ,5.6 ,6.3 ,3.9 ,3.0 ,4.8 ,4.6 ,4.9 ,4.0 ,5.4 ,4.8 ,4.2 ,2.4 ,5.4 ,3.6 ,4.3 ,2.4 ,4.0 ,5.3 ,4.2 ,3.5 ,6.5 ,6.3 ,6.8 ,6.4 ,6.0 ,6.3 ,7.9 ,4.8 ,4.9 ,6.4 ,5.4 ,7.1 ,5.5 
PR-MST_PR_MST_1683.9_,65.2 ,41.1 ,65.4 ,61.0 ,55.4 ,61.2 ,58.7 ,70.3 ,68.0 ,54.7 ,55.7 ,78.2 ,35.0 ,62.1 ,80.6 ,80.2 ,52.5 ,71.0 ,61.9 ,44.4 ,29.7 ,50.5 ,62.2 ,47.8 ,46.5 ,51.6 ,51.6 ,59.4 ,25.6 ,58.2 ,57.6 ,62.5 ,27.4 ,62.9 ,48.3 ,63.0 ,37.8 ,58.6 ,44.0 ,76.2 ,50.6 ,60.7 ,67.2 ,55.9 ,51.7 ,64.4 ,67.4 ,78.6 ,58.4 ,42.1 
"1,6-anhydro-Glucose_1694.97_Glu1,6An_3TMS",15.0 ,9.5 ,15.6 ,19.1 ,16.3 ,18.2 ,14.6 ,18.0 ,17.1 ,15.4 ,16.3 ,21.3 ,10.3 ,14.2 ,20.1 ,20.4 ,17.9 ,18.4 ,17.4 ,13.0 ,9.0 ,15.9 ,14.2 ,16.3 ,11.9 ,18.6 ,16.0 ,17.9 ,9.1 ,19.6 ,17.9 ,14.9 ,8.4 ,18.6 ,18.5 ,14.6 ,14.5 ,21.2 ,17.4 ,19.5 ,20.6 ,19.0 ,20.3 ,20.2 ,19.5 ,19.2 ,20.2 ,21.9 ,21.4 ,18.1 
Glycerol-2-phosphate_1705.88_Gly2P_4TMS,0.4 ,0.4 ,0.7 ,1.3 ,0.5 ,1.2 ,0.3 ,0.7 ,0.6 ,0.4 ,0.6 ,0.9 ,0.5 ,0.6 ,1.4 ,0.5 ,0.4 ,1.4 ,1.2 ,1.5 ,1.2 ,1.1 ,0.5 ,0.6 ,1.7 ,1.4 ,0.6 ,1.3 ,1.0 ,1.4 ,1.4 ,0.7 ,0.8 ,1.2 ,0.8 ,1.3 ,0.5 ,0.5 ,0.3 ,1.2 ,1.0 ,0.6 ,1.3 ,0.6 ,0.8 ,0.9 ,1.1 ,0.4 ,1.0 ,0.6 
PR-MST_PR_MST_1709.3_,47.8 ,29.9 ,65.2 ,55.4 ,48.7 ,49.9 ,48.6 ,49.8 ,46.8 ,48.3 ,42.3 ,60.0 ,29.0 ,43.2 ,70.5 ,47.5 ,35.9 ,50.6 ,54.6 ,31.2 ,22.6 ,33.7 ,34.8 ,28.8 ,33.2 ,46.2 ,34.5 ,39.2 ,16.0 ,42.5 ,34.4 ,31.5 ,19.6 ,40.0 ,38.5 ,32.3 ,20.2 ,48.1 ,35.7 ,60.8 ,51.2 ,50.9 ,55.4 ,39.7 ,44.7 ,52.6 ,56.9 ,42.7 ,57.3 ,38.0 
MST_1715.86_MST_1795.4,66.7 ,31.5 ,69.1 ,55.0 ,65.7 ,55.1 ,57.9 ,61.7 ,51.9 ,55.3 ,54.4 ,53.4 ,32.6 ,43.0 ,70.4 ,70.1 ,50.6 ,55.0 ,57.7 ,26.1 ,16.8 ,40.7 ,50.2 ,44.1 ,29.0 ,50.6 ,51.7 ,58.8 ,20.7 ,60.0 ,49.9 ,47.2 ,25.7 ,58.1 ,56.1 ,44.8 ,44.3 ,61.5 ,50.4 ,65.6 ,57.7 ,56.8 ,63.2 ,61.5 ,50.6 ,51.4 ,64.8 ,59.2 ,64.2 ,50.7 
PR-MST_PR_MST_1720.46_,16.2 ,7.2 ,17.7 ,15.1 ,15.9 ,14.8 ,13.2 ,14.5 ,12.4 ,12.8 ,14.3 ,13.4 ,8.3 ,9.2 ,17.5 ,15.6 ,11.9 ,14.4 ,14.7 ,7.0 ,5.0 ,11.4 ,10.9 ,10.2 ,7.7 ,14.0 ,12.6 ,14.5 ,6.0 ,16.2 ,13.9 ,11.6 ,7.2 ,14.6 ,14.9 ,10.7 ,10.6 ,15.9 ,12.0 ,16.4 ,16.9 ,14.3 ,16.6 ,15.9 ,13.8 ,14.2 ,18.2 ,15.0 ,18.7 ,13.3 
MST_1727.46_MST_1744.8,38.1 ,20.2 ,40.7 ,33.5 ,40.2 ,36.0 ,45.8 ,42.8 ,35.7 ,46.5 ,40.6 ,36.2 ,25.4 ,30.7 ,36.7 ,39.7 ,37.8 ,33.1 ,35.6 ,20.1 ,15.3 ,33.7 ,36.2 ,41.6 ,21.0 ,36.0 ,36.8 ,33.6 ,16.6 ,28.6 ,24.7 ,31.6 ,18.1 ,33.9 ,34.1 ,24.4 ,33.5 ,40.2 ,35.0 ,31.3 ,31.4 ,36.7 ,32.1 ,37.7 ,34.6 ,36.2 ,27.9 ,33.4 ,33.0 ,35.2 
MST_1733.29_MST_1743.2,52.1 ,35.7 ,15.5 ,18.1 ,13.5 ,50.8 ,16.2 ,51.3 ,49.1 ,15.9 ,16.1 ,54.8 ,9.6 ,50.5 ,60.2 ,54.1 ,41.2 ,53.2 ,14.1 ,45.2 ,22.1 ,33.5 ,48.2 ,12.2 ,46.1 ,14.2 ,38.6 ,55.2 ,6.4 ,25.0 ,55.2 ,48.7 ,7.8 ,53.9 ,13.1 ,47.8 ,11.8 ,65.4 ,11.5 ,60.6 ,12.2 ,49.2 ,67.1 ,13.1 ,47.7 ,68.9 ,50.6 ,54.0 ,14.5 ,12.4 
Putrescine_1737.17_Put_4TMS,422.8 ,230.4 ,388.1 ,442.0 ,447.2 ,415.1 ,369.8 ,389.2 ,321.2 ,418.9 ,411.7 ,428.2 ,256.7 ,318.3 ,418.5 ,429.3 ,384.0 ,349.4 ,379.8 ,253.5 ,192.1 ,419.5 ,381.2 ,376.3 ,240.5 ,379.8 ,389.8 ,394.9 ,208.3 ,418.0 ,352.0 ,418.2 ,196.6 ,421.5 ,395.3 ,347.9 ,443.3 ,431.2 ,378.7 ,443.3 ,348.9 ,381.7 ,428.1 ,406.8 ,406.8 ,434.9 ,409.1 ,407.0 ,383.7 ,396.4 
MST_1742.37_MST_1795.4,156.2 ,91.3 ,156.1 ,133.3 ,150.6 ,141.8 ,131.2 ,146.3 ,122.9 ,132.8 ,136.1 ,130.0 ,84.8 ,109.3 ,168.2 ,171.8 ,119.1 ,129.9 ,136.5 ,74.1 ,55.9 ,103.2 ,119.6 ,110.0 ,85.2 ,122.4 ,126.7 ,136.0 ,65.3 ,143.9 ,128.0 ,123.3 ,75.7 ,142.6 ,132.1 ,123.8 ,110.7 ,153.5 ,118.2 ,152.5 ,139.8 ,139.1 ,154.0 ,149.9 ,127.6 ,133.6 ,158.0 ,143.0 ,153.0 ,117.0 
Glycerol-3-phosphate_1743.58_Gly3P_4TMS,186.6 ,180.4 ,201.5 ,227.2 ,199.1 ,228.9 ,209.7 ,221.6 ,220.6 ,217.7 ,195.8 ,182.6 ,148.4 ,231.0 ,256.5 ,221.2 ,203.5 ,222.9 ,219.6 ,203.9 ,192.1 ,199.1 ,195.9 ,204.4 ,196.0 ,221.2 ,202.9 ,203.1 ,160.5 ,222.5 ,212.3 ,182.3 ,142.9 ,214.8 ,215.1 ,214.5 ,177.7 ,216.7 ,170.4 ,211.1 ,193.8 ,211.4 ,232.6 ,215.9 ,212.5 ,209.6 ,221.0 ,133.0 ,228.5 ,198.5 
MST_1752.35_MST_1771.1,77.5 ,57.8 ,129.4 ,154.0 ,135.8 ,142.1 ,131.8 ,119.8 ,104.9 ,142.0 ,126.8 ,78.2 ,81.3 ,94.9 ,140.9 ,122.4 ,129.4 ,123.2 ,137.0 ,68.5 ,62.3 ,125.3 ,90.3 ,117.9 ,58.7 ,145.3 ,113.2 ,114.0 ,69.1 ,129.1 ,106.5 ,80.3 ,57.0 ,115.7 ,145.1 ,79.6 ,105.3 ,164.2 ,149.2 ,143.6 ,170.1 ,149.8 ,145.4 ,172.5 ,148.1 ,109.1 ,132.7 ,78.5 ,160.9 ,138.7 
Glutamine_1763.41_Gln_3TMS,224.9 ,123.5 ,24.1 ,46.0 ,65.9 ,81.0 ,50.0 ,167.3 ,172.9 ,68.0 ,77.6 ,383.1 ,31.1 ,163.0 ,157.7 ,345.8 ,98.6 ,159.3 ,32.2 ,219.3 ,89.9 ,69.5 ,207.0 ,45.2 ,220.9 ,83.8 ,87.4 ,190.6 ,34.9 ,141.5 ,253.0 ,325.2 ,38.7 ,260.0 ,87.3 ,320.2 ,81.5 ,136.3 ,33.2 ,145.6 ,62.6 ,158.2 ,230.4 ,91.4 ,208.9 ,412.4 ,370.9 ,157.2 ,162.9 ,87.4 
PR-MST_PR_MST_1772.62_,59.2 ,54.9 ,64.8 ,66.0 ,57.6 ,71.5 ,64.7 ,82.0 ,78.2 ,63.6 ,60.4 ,48.6 ,46.3 ,76.8 ,84.3 ,81.4 ,62.9 ,73.0 ,65.8 ,58.6 ,48.9 ,60.3 ,66.3 ,59.0 ,50.5 ,63.0 ,62.7 ,72.6 ,44.3 ,63.2 ,69.8 ,58.9 ,39.2 ,75.3 ,54.5 ,65.7 ,52.9 ,74.0 ,54.0 ,79.6 ,68.6 ,67.6 ,84.3 ,73.6 ,65.6 ,84.8 ,91.1 ,15.7 ,77.2 ,64.5 
MST_1787.66_MST_1810.9,13.7 ,15.6 ,6.4 ,3.5 ,7.0 ,1.8 ,14.1 ,13.3 ,23.1 ,5.2 ,6.8 ,16.0 ,26.3 ,19.4 ,2.3 ,10.4 ,107.1 ,2.4 ,2.2 ,12.5 ,8.5 ,2.6 ,25.7 ,7.3 ,6.6 ,2.1 ,5.2 ,4.6 ,140.4 ,0.9 ,4.0 ,10.5 ,12.4 ,5.3 ,8.3 ,19.8 ,2.8 ,16.5 ,9.0 ,3.2 ,2.4 ,16.9 ,11.5 ,19.6 ,12.0 ,8.4 ,5.7 ,6.2 ,6.4 ,13.7 
Shikimate_1788.43_ShikA_4TMS,42.2 ,25.3 ,50.9 ,41.0 ,41.5 ,40.8 ,45.0 ,44.5 ,39.7 ,44.5 ,39.5 ,41.2 ,27.4 ,36.5 ,45.4 ,41.3 ,41.8 ,38.0 ,43.8 ,26.5 ,18.6 ,35.8 ,35.9 ,38.9 ,25.3 ,37.0 ,34.7 ,38.3 ,19.4 ,34.8 ,30.9 ,27.9 ,17.1 ,37.0 ,37.0 ,28.3 ,31.1 ,51.9 ,43.9 ,51.4 ,48.1 ,51.5 ,55.8 ,49.2 ,48.0 ,51.8 ,53.7 ,39.6 ,53.8 ,47.7 
Citrate_1802.57_CitA_4TMS,77.4 ,52.9 ,140.1 ,126.9 ,78.7 ,83.8 ,200.5 ,107.4 ,100.5 ,128.8 ,106.7 ,101.4 ,72.6 ,91.9 ,92.4 ,96.2 ,91.2 ,117.4 ,109.6 ,65.6 ,41.5 ,71.1 ,98.0 ,102.9 ,61.0 ,89.7 ,79.3 ,87.4 ,49.1 ,72.9 ,82.8 ,80.9 ,49.4 ,86.3 ,96.7 ,62.8 ,46.2 ,71.3 ,78.2 ,84.6 ,95.6 ,86.7 ,96.6 ,104.8 ,62.4 ,68.4 ,88.6 ,53.6 ,145.2 ,69.3 
Ornithine_1808.25_Orn_4TMS,85.6 ,42.9 ,74.2 ,73.5 ,125.4 ,117.7 ,92.1 ,104.5 ,109.0 ,85.6 ,181.3 ,123.0 ,61.9 ,56.5 ,135.2 ,173.5 ,108.0 ,108.1 ,121.0 ,66.8 ,51.4 ,102.1 ,140.1 ,144.2 ,59.9 ,110.1 ,131.2 ,109.7 ,70.4 ,116.6 ,83.5 ,95.0 ,44.9 ,114.5 ,101.5 ,120.3 ,121.2 ,324.5 ,176.7 ,228.3 ,227.4 ,215.2 ,219.8 ,323.9 ,193.6 ,263.8 ,307.7 ,153.2 ,216.5 ,193.3 
"Arginine,_1812.97_ArgNH3_3TMS",41.8 ,36.1 ,33.8 ,55.5 ,60.2 ,66.5 ,36.9 ,63.3 ,64.2 ,35.0 ,96.0 ,86.4 ,38.6 ,71.1 ,104.2 ,70.6 ,64.2 ,56.5 ,65.7 ,63.2 ,40.4 ,62.1 ,71.0 ,72.5 ,51.1 ,68.6 ,84.8 ,73.6 ,38.5 ,91.3 ,83.5 ,77.1 ,32.4 ,105.8 ,68.7 ,83.6 ,81.9 ,195.5 ,109.7 ,169.0 ,128.0 ,98.0 ,127.4 ,147.8 ,106.9 ,196.9 ,180.7 ,96.0 ,128.2 ,142.5 
PR-MST_PR_MST_1815.5_AAdegr,23.7 ,8.8 ,18.3 ,18.4 ,17.1 ,20.7 ,17.0 ,24.1 ,18.1 ,12.9 ,17.1 ,28.4 ,12.0 ,18.0 ,30.1 ,26.9 ,16.9 ,23.6 ,17.3 ,9.1 ,6.9 ,17.0 ,20.7 ,15.6 ,13.1 ,18.8 ,17.4 ,23.3 ,8.4 ,22.1 ,22.3 ,19.6 ,9.1 ,27.5 ,18.1 ,17.9 ,13.6 ,27.0 ,16.9 ,33.3 ,25.9 ,19.5 ,28.1 ,19.7 ,19.9 ,33.4 ,35.3 ,24.6 ,23.8 ,16.4 
Methionine_1822.90_MetSulf_2TMS,0.5 ,0.5 ,0.7 ,0.8 ,1.2 ,1.0 ,0.7 ,1.1 ,0.9 ,0.8 ,1.4 ,1.4 ,0.4 ,0.9 ,1.1 ,1.3 ,1.4 ,0.8 ,1.1 ,0.9 ,0.7 ,1.1 ,1.2 ,1.4 ,0.4 ,1.2 ,1.2 ,1.0 ,0.8 ,1.2 ,1.1 ,1.3 ,0.7 ,1.4 ,1.2 ,1.2 ,1.4 ,14.1 ,9.5 ,5.5 ,8.5 ,9.9 ,10.5 ,9.7 ,14.5 ,15.9 ,15.0 ,9.7 ,12.9 ,14.3 
Dehydroascorbate_1841.32_dhAA_TMS,6.1 ,2.8 ,11.8 ,8.8 ,10.9 ,7.9 ,9.6 ,7.1 ,5.3 ,12.8 ,10.3 ,4.1 ,13.2 ,4.8 ,5.9 ,9.0 ,9.2 ,6.5 ,10.3 ,3.1 ,3.0 ,7.9 ,8.5 ,12.6 ,2.4 ,9.2 ,8.2 ,6.9 ,6.8 ,8.7 ,4.6 ,5.5 ,6.1 ,7.3 ,11.8 ,4.4 ,11.6 ,9.5 ,11.4 ,5.8 ,9.3 ,8.5 ,7.2 ,11.3 ,8.9 ,4.9 ,4.0 ,5.8 ,9.8 ,9.6 
Tetradecanoate_1843.04_FatA_C14:0_1TMS,370.4 ,348.2 ,319.2 ,319.3 ,332.0 ,331.3 ,331.8 ,364.2 ,366.1 ,329.7 ,333.2 ,363.2 ,305.0 ,360.8 ,352.3 ,373.7 ,346.9 ,351.5 ,321.8 ,358.3 ,333.2 ,332.3 ,366.9 ,334.7 ,356.3 ,332.5 ,341.7 ,365.2 ,310.6 ,327.3 ,356.4 ,368.3 ,312.1 ,363.5 ,326.8 ,370.4 ,336.7 ,369.8 ,313.2 ,371.4 ,329.2 ,349.3 ,337.8 ,334.4 ,347.4 ,382.4 ,363.6 ,352.9 ,326.8 ,321.3 
Fructose_1855.49_Fru_5TMS,3953.5 ,3527.7 ,2312.0 ,947.7 ,3221.7 ,650.8 ,3477.6 ,3966.9 ,3745.4 ,3258.5 ,1814.5 ,3335.4 ,2386.9 ,3965.2 ,689.7 ,3818.5 ,3855.4 ,940.9 ,602.3 ,2287.5 ,1551.4 ,726.6 ,3742.4 ,2563.6 ,381.8 ,512.1 ,2692.8 ,707.8 ,2091.0 ,773.1 ,699.0 ,3402.4 ,2377.6 ,1305.0 ,2066.0 ,1883.9 ,2820.4 ,2695.9 ,3027.5 ,371.5 ,248.6 ,3082.7 ,1112.0 ,1988.1 ,3337.5 ,1074.9 ,577.5 ,3934.8 ,1283.0 ,2664.0 
Fructose_1864.46_Fru_5TMS,2607.4 ,3673.9 ,2497.3 ,850.2 ,2116.4 ,417.4 ,2110.9 ,2456.0 ,3829.9 ,2020.1 ,2136.9 ,3335.7 ,1806.3 ,3788.0 ,391.9 ,2540.1 ,2468.2 ,512.1 ,615.0 ,1696.2 ,1326.3 ,471.3 ,2332.6 ,2908.0 ,181.1 ,482.9 ,2878.2 ,375.8 ,1982.1 ,544.0 ,357.6 ,3260.5 ,2350.6 ,856.5 ,1986.6 ,1358.8 ,2973.0 ,2551.2 ,1836.3 ,208.9 ,291.0 ,2753.8 ,680.9 ,2109.4 ,2058.2 ,586.3 ,306.5 ,4581.4 ,1185.3 ,1915.0 
Glucose_1881.78_Glc_5TMS,4349.7 ,4186.6 ,2957.3 ,2052.1 ,3425.9 ,2010.8 ,3581.3 ,4264.4 ,4119.0 ,3336.4 ,2500.2 ,3844.4 ,2623.1 ,4481.1 ,2045.0 ,4121.9 ,4272.9 ,2337.9 ,2064.5 ,3064.9 ,2337.5 ,1943.0 ,4107.4 ,3191.1 ,1406.9 ,1970.8 ,3157.3 ,2131.9 ,2519.5 ,2161.5 ,1999.5 ,3857.0 ,2723.7 ,2251.9 ,2631.2 ,2746.4 ,3117.1 ,3103.4 ,2944.5 ,1726.5 ,1633.9 ,3361.3 ,2195.7 ,2366.2 ,3687.6 ,2286.9 ,1887.7 ,4242.1 ,2270.6 ,2934.3 
Indole-3-acetonitrile_1886.51_IndACN_1TMS,287.4 ,275.3 ,236.0 ,247.8 ,143.7 ,256.4 ,135.5 ,295.1 ,322.4 ,132.7 ,252.1 ,464.8 ,146.9 ,334.2 ,333.3 ,362.1 ,264.5 ,296.3 ,207.4 ,302.2 ,195.9 ,193.3 ,281.7 ,209.1 ,234.2 ,204.7 ,242.1 ,258.7 ,165.3 ,243.6 ,233.3 ,325.6 ,180.4 ,236.8 ,226.7 ,318.3 ,163.9 ,250.4 ,87.7 ,193.6 ,146.8 ,212.9 ,256.8 ,187.2 ,236.6 ,267.8 ,231.3 ,347.4 ,212.5 ,142.6 
PR-MST_PR_MST_1890.61_Iditoldegr,381.0 ,215.0 ,301.4 ,99.8 ,382.5 ,91.9 ,331.9 ,331.2 ,276.2 ,299.4 ,185.2 ,254.2 ,194.0 ,263.7 ,124.9 ,324.4 ,295.4 ,113.5 ,114.3 ,105.0 ,67.2 ,68.4 ,269.4 ,199.2 ,40.5 ,85.0 ,208.0 ,98.8 ,97.6 ,98.6 ,80.4 ,216.2 ,125.6 ,115.9 ,167.6 ,133.2 ,217.2 ,225.6 ,277.2 ,79.1 ,70.7 ,255.7 ,93.9 ,176.3 ,240.6 ,81.5 ,97.5 ,221.6 ,153.2 ,220.8 
Glucose_1903.87_Glc_5TMS,2170.1 ,1737.4 ,1161.6 ,417.7 ,1700.2 ,382.9 ,1866.2 ,2123.1 ,1705.9 ,1716.6 ,892.9 ,1394.6 ,1218.1 ,1966.4 ,393.6 ,2019.6 ,1975.9 ,492.7 ,414.3 ,720.1 ,494.8 ,388.1 ,1882.8 ,1240.4 ,246.8 ,365.0 ,1176.2 ,440.9 ,647.8 ,397.5 ,374.9 ,1399.2 ,805.0 ,501.6 ,769.3 ,596.0 ,1361.2 ,1207.0 ,1522.3 ,309.4 ,280.7 ,1511.9 ,498.1 ,792.7 ,1716.4 ,465.7 ,351.6 ,1821.5 ,601.1 ,1266.4 
Lysine_1912.92_Lys_4TMS,19.6 ,14.1 ,20.3 ,26.7 ,26.8 ,28.3 ,20.3 ,25.4 ,27.4 ,22.5 ,32.3 ,26.6 ,14.0 ,24.3 ,29.1 ,44.3 ,30.3 ,32.0 ,27.0 ,23.5 ,15.2 ,25.4 ,31.6 ,31.9 ,19.1 ,29.7 ,33.8 ,34.7 ,15.6 ,33.0 ,28.6 ,28.6 ,13.9 ,39.1 ,28.6 ,30.7 ,25.5 ,35.0 ,18.8 ,29.4 ,23.9 ,22.6 ,26.5 ,34.4 ,27.8 ,34.7 ,30.5 ,17.5 ,26.1 ,28.1 
Tyramine_1914.07_Tyramine_3TMS,25.4 ,18.1 ,25.4 ,26.8 ,28.1 ,24.3 ,24.5 ,28.5 ,28.7 ,27.9 ,28.3 ,26.8 ,17.3 ,25.1 ,27.8 ,36.3 ,27.9 ,25.7 ,24.9 ,18.7 ,13.7 ,22.3 ,26.1 ,26.7 ,17.6 ,23.7 ,26.4 ,25.1 ,14.7 ,26.2 ,22.5 ,23.3 ,13.9 ,28.3 ,24.4 ,23.1 ,21.7 ,29.9 ,21.9 ,25.8 ,22.2 ,24.1 ,25.3 ,29.1 ,25.1 ,28.0 ,26.4 ,21.6 ,25.4 ,24.7 
PR-MST_PR_MST_1916.57,39.2 ,25.2 ,44.5 ,36.8 ,43.5 ,37.0 ,48.5 ,51.0 ,43.2 ,47.1 ,42.5 ,57.1 ,28.8 ,43.9 ,49.2 ,45.0 ,33.1 ,37.6 ,44.0 ,29.1 ,22.9 ,39.1 ,48.8 ,53.0 ,30.5 ,40.2 ,46.2 ,40.9 ,24.6 ,41.6 ,38.9 ,46.4 ,26.5 ,52.2 ,39.1 ,33.7 ,35.8 ,119.8 ,73.0 ,77.5 ,80.8 ,86.1 ,85.6 ,93.8 ,93.3 ,92.3 ,81.0 ,79.4 ,86.3 ,102.3 
MST_1925.32_MST_1464.3,66.3 ,35.6 ,51.0 ,48.0 ,53.4 ,48.1 ,48.6 ,61.7 ,47.7 ,59.6 ,53.4 ,55.3 ,28.7 ,44.5 ,53.9 ,88.0 ,58.0 ,48.6 ,44.4 ,33.9 ,18.3 ,42.5 ,53.2 ,43.1 ,33.7 ,46.7 ,49.8 ,57.2 ,21.6 ,58.5 ,46.0 ,59.6 ,25.6 ,55.5 ,53.6 ,49.8 ,50.2 ,57.9 ,50.4 ,46.8 ,41.0 ,61.3 ,62.4 ,52.1 ,62.2 ,58.8 ,47.7 ,62.1 ,51.7 ,50.4 
MST_1930.27_MST_1956.9,18.8 ,14.4 ,18.0 ,17.2 ,17.2 ,15.9 ,18.2 ,19.7 ,18.1 ,18.5 ,17.3 ,18.2 ,12.5 ,17.0 ,16.2 ,18.1 ,14.8 ,14.1 ,15.5 ,13.7 ,11.5 ,14.2 ,14.5 ,14.7 ,15.5 ,14.5 ,13.6 ,14.1 ,11.5 ,13.2 ,13.7 ,13.1 ,10.4 ,13.8 ,13.8 ,15.3 ,12.7 ,16.2 ,13.8 ,15.0 ,14.1 ,15.9 ,14.9 ,16.5 ,13.9 ,16.6 ,14.7 ,13.3 ,13.4 ,12.1 
Tyrosine_1932.07_Tyr_3TMS,8.1 ,5.1 ,9.5 ,12.1 ,10.6 ,13.0 ,8.6 ,9.8 ,10.4 ,11.1 ,11.2 ,10.0 ,5.3 ,8.0 ,11.3 ,14.8 ,12.1 ,13.1 ,11.4 ,7.5 ,5.1 ,10.8 ,11.8 ,11.7 ,6.0 ,12.6 ,13.3 ,14.0 ,5.5 ,13.7 ,10.8 ,10.2 ,5.9 ,13.6 ,12.4 ,7.9 ,8.4 ,7.2 ,5.4 ,7.4 ,7.0 ,6.9 ,8.4 ,8.5 ,8.3 ,8.2 ,9.2 ,6.7 ,11.4 ,8.7 
Galactitol_1948.07_GalOH_6TMS,12.0 ,7.9 ,12.5 ,12.2 ,11.5 ,11.2 ,12.1 ,14.3 ,12.3 ,13.8 ,8.9 ,12.2 ,9.3 ,11.9 ,12.2 ,13.8 ,12.6 ,10.3 ,11.3 ,9.3 ,6.8 ,9.6 ,10.1 ,10.3 ,7.7 ,11.1 ,8.7 ,9.6 ,8.4 ,10.3 ,10.9 ,10.3 ,7.5 ,9.5 ,10.5 ,8.8 ,8.0 ,11.7 ,13.3 ,11.5 ,13.6 ,14.7 ,14.1 ,10.4 ,13.5 ,11.0 ,13.6 ,12.4 ,12.9 ,10.7 
Glucopyranose_1954.82_Glucopyranose_5TMS,35.4 ,33.6 ,27.8 ,22.5 ,30.0 ,18.2 ,36.5 ,35.5 ,50.0 ,30.9 ,31.2 ,41.2 ,56.3 ,46.1 ,24.2 ,38.1 ,196.2 ,19.8 ,24.9 ,27.1 ,18.2 ,20.3 ,49.9 ,27.3 ,24.4 ,24.4 ,22.0 ,22.1 ,254.7 ,20.0 ,29.2 ,34.7 ,26.9 ,21.4 ,32.9 ,50.2 ,23.6 ,52.1 ,37.7 ,25.4 ,18.4 ,55.5 ,50.9 ,53.6 ,48.8 ,36.1 ,34.9 ,36.7 ,44.3 ,49.5 
MST_1974.62_MST_1987.3,14.5 ,12.6 ,20.7 ,19.9 ,9.6 ,13.3 ,19.5 ,17.4 ,13.3 ,16.3 ,7.0 ,21.9 ,8.7 ,10.5 ,13.2 ,12.6 ,13.3 ,12.6 ,13.9 ,11.9 ,10.9 ,9.5 ,8.7 ,9.7 ,13.6 ,11.4 ,9.1 ,11.3 ,14.1 ,10.2 ,10.0 ,10.1 ,12.3 ,9.6 ,10.5 ,10.8 ,7.5 ,11.0 ,11.1 ,13.8 ,13.3 ,12.2 ,16.5 ,11.6 ,10.6 ,12.9 ,14.3 ,33.6 ,10.7 ,8.9 
Galactonate_1983.57_GalactonicA_6TMS,40.9 ,24.9 ,45.3 ,41.3 ,38.0 ,37.2 ,45.3 ,46.0 ,39.9 ,44.5 ,37.8 ,43.3 ,23.6 ,33.6 ,42.4 ,46.2 ,41.0 ,38.1 ,39.8 ,25.1 ,17.2 ,34.0 ,34.0 ,34.0 ,26.4 ,35.8 ,33.1 ,37.1 ,18.2 ,34.0 ,31.5 ,30.2 ,17.3 ,34.9 ,36.1 ,27.1 ,27.4 ,45.9 ,35.0 ,41.0 ,40.4 ,42.5 ,48.9 ,41.9 ,39.4 ,44.4 ,43.3 ,49.1 ,46.5 ,36.1 
N-acetyl-Ornithine_1990.17_OrnNAc_3TMS,4.2 ,2.6 ,3.7 ,3.4 ,5.9 ,5.3 ,4.2 ,7.2 ,6.9 ,2.9 ,2.3 ,7.1 ,1.8 ,3.0 ,6.8 ,5.9 ,6.0 ,7.4 ,5.9 ,3.7 ,2.9 ,3.8 ,6.0 ,5.6 ,4.8 ,5.8 ,4.8 ,5.1 ,3.5 ,6.4 ,4.4 ,4.0 ,1.6 ,3.7 ,3.1 ,4.3 ,2.5 ,10.7 ,5.2 ,9.0 ,7.2 ,9.6 ,8.8 ,8.0 ,7.9 ,12.9 ,13.0 ,9.0 ,7.6 ,6.4 
Glutamine_1991.32_Gln_4TMS,13.6 ,6.6 ,13.9 ,13.4 ,16.5 ,11.9 ,13.3 ,17.1 ,16.6 ,15.0 ,19.9 ,15.7 ,7.0 ,10.4 ,16.1 ,19.7 ,16.2 ,14.0 ,15.5 ,6.8 ,5.3 ,13.7 ,16.0 ,17.1 ,5.7 ,13.2 ,15.9 ,13.8 ,6.5 ,15.8 ,12.4 ,14.8 ,6.2 ,17.5 ,14.4 ,13.5 ,15.2 ,17.1 ,11.9 ,12.1 ,13.0 ,12.4 ,13.0 ,18.1 ,13.1 ,13.0 ,12.7 ,11.4 ,13.5 ,13.5 
MST_1999.58_MST_1987.3,6.6 ,5.7 ,5.5 ,7.9 ,7.7 ,6.2 ,7.6 ,8.3 ,8.3 ,9.2 ,6.6 ,7.9 ,6.9 ,7.6 ,7.1 ,7.7 ,8.5 ,5.8 ,5.5 ,3.5 ,3.3 ,6.3 ,7.8 ,6.6 ,3.3 ,6.7 ,7.3 ,6.3 ,4.1 ,6.8 ,5.5 ,4.9 ,3.7 ,6.5 ,7.1 ,4.5 ,7.0 ,11.6 ,9.1 ,8.8 ,9.0 ,11.1 ,11.0 ,8.8 ,10.9 ,12.5 ,11.2 ,38.7 ,8.7 ,8.9 
MST_2007.67_MST_2021.5,78.7 ,63.1 ,47.9 ,11.5 ,83.5 ,9.9 ,91.2 ,83.4 ,63.1 ,93.6 ,33.5 ,42.7 ,50.8 ,74.0 ,10.7 ,82.8 ,79.4 ,12.5 ,11.8 ,23.5 ,17.5 ,8.4 ,71.1 ,50.3 ,6.6 ,9.0 ,40.2 ,9.9 ,27.0 ,10.7 ,8.9 ,42.8 ,32.6 ,12.5 ,26.8 ,18.3 ,56.6 ,45.8 ,82.9 ,5.6 ,6.0 ,61.4 ,12.5 ,32.1 ,71.0 ,10.8 ,7.4 ,57.0 ,21.7 ,55.7 
MST_2015.78_MST_2025,3.9 ,4.7 ,4.7 ,6.7 ,7.4 ,6.6 ,5.8 ,3.0 ,3.3 ,7.3 ,6.2 ,5.5 ,7.4 ,5.2 ,5.4 ,4.3 ,3.9 ,4.9 ,7.2 ,4.8 ,5.5 ,5.7 ,3.2 ,5.4 ,3.0 ,7.8 ,4.2 ,4.3 ,7.8 ,4.2 ,5.1 ,2.6 ,4.9 ,5.1 ,7.8 ,3.3 ,4.4 ,3.4 ,6.0 ,3.6 ,6.1 ,4.7 ,4.3 ,6.6 ,5.7 ,4.1 ,3.8 ,1.1 ,7.3 ,6.9 
MST_2018.03_MST_2027.2,2.4 ,1.3 ,2.8 ,1.8 ,1.8 ,1.3 ,3.1 ,3.1 ,2.5 ,2.6 ,2.2 ,1.9 ,1.2 ,1.9 ,1.7 ,2.9 ,2.9 ,1.9 ,1.7 ,0.6 ,0.5 ,1.6 ,2.1 ,2.0 ,0.9 ,1.3 ,1.8 ,1.3 ,0.5 ,1.3 ,0.9 ,1.4 ,0.4 ,1.3 ,1.4 ,0.9 ,1.2 ,2.7 ,1.6 ,1.5 ,1.3 ,2.6 ,2.2 ,1.6 ,2.2 ,2.1 ,1.1 ,1.7 ,1.8 ,2.1 
Hexadecanoate_2040.33_FatA_C16:0_1TMS,520.2 ,507.4 ,488.1 ,486.0 ,486.4 ,479.8 ,484.2 ,486.0 ,518.0 ,483.1 ,472.8 ,498.4 ,530.5 ,515.0 ,504.1 ,486.7 ,506.6 ,484.6 ,486.5 ,504.6 ,497.8 ,457.9 ,477.7 ,474.2 ,495.4 ,500.8 ,464.4 ,503.6 ,491.2 ,456.7 ,510.3 ,482.3 ,471.5 ,492.8 ,489.7 ,485.1 ,457.9 ,480.6 ,452.8 ,489.0 ,467.9 ,490.3 ,473.0 ,468.4 ,538.0 ,488.1 ,475.6 ,450.5 ,481.0 ,460.4 
Sinapate_2050.48_SinaA_2TMS,195.4 ,155.3 ,230.5 ,235.5 ,208.3 ,193.1 ,216.6 ,210.1 ,196.4 ,222.5 ,216.5 ,198.5 ,144.0 ,159.6 ,228.8 ,199.2 ,196.5 ,191.2 ,194.9 ,119.3 ,95.4 ,133.7 ,163.9 ,178.2 ,111.0 ,167.5 ,154.6 ,170.5 ,110.3 ,174.6 ,141.3 ,143.0 ,114.9 ,160.4 ,180.8 ,122.0 ,139.4 ,186.9 ,158.3 ,170.8 ,170.6 ,183.4 ,182.5 ,160.4 ,170.0 ,165.3 ,163.0 ,209.3 ,222.9 ,157.1 
MST_2057.07_MST_2066.3,286.3 ,123.7 ,245.0 ,306.3 ,248.8 ,292.4 ,293.3 ,295.9 ,182.8 ,290.2 ,256.6 ,318.0 ,149.5 ,196.9 ,338.6 ,385.5 ,257.2 ,229.0 ,291.2 ,144.7 ,118.7 ,243.8 ,189.2 ,243.7 ,174.6 ,223.6 ,254.6 ,228.1 ,117.0 ,240.7 ,173.7 ,205.6 ,97.0 ,198.2 ,237.8 ,183.2 ,229.4 ,464.4 ,412.9 ,342.3 ,443.4 ,354.9 ,405.3 ,449.8 ,324.3 ,349.8 ,437.5 ,380.7 ,393.1 ,340.0 
MST_2057.60_MST_2066.3,425.5 ,228.6 ,111.9 ,173.7 ,124.7 ,184.3 ,155.4 ,423.3 ,333.1 ,135.8 ,127.2 ,479.8 ,79.9 ,343.9 ,358.5 ,492.7 ,282.3 ,295.8 ,136.9 ,264.3 ,107.1 ,144.4 ,321.6 ,122.5 ,310.6 ,120.8 ,147.2 ,352.9 ,65.3 ,148.8 ,323.9 ,342.3 ,53.0 ,309.5 ,121.4 ,326.9 ,115.9 ,295.0 ,155.5 ,327.6 ,170.2 ,321.9 ,483.0 ,166.5 ,276.6 ,515.7 ,547.8 ,465.7 ,180.8 ,157.6 
MST_2075.71_MST_2049.6,24.2 ,14.3 ,12.5 ,23.6 ,33.5 ,41.8 ,18.9 ,34.7 ,35.9 ,21.4 ,65.3 ,21.7 ,15.8 ,55.5 ,88.3 ,68.5 ,38.7 ,29.3 ,26.5 ,34.0 ,13.3 ,35.2 ,68.5 ,42.9 ,15.8 ,29.2 ,67.9 ,57.3 ,7.4 ,51.1 ,59.0 ,56.2 ,5.5 ,85.7 ,31.9 ,57.5 ,72.4 ,201.6 ,100.1 ,134.7 ,74.3 ,86.5 ,141.4 ,123.3 ,110.8 ,185.7 ,181.2 ,9.3 ,83.1 ,122.3 
myo-Inositol_2084.71_Ino_6TMS,2187.0 ,1537.6 ,1941.9 ,1597.9 ,1712.4 ,1471.6 ,1858.1 ,2160.9 ,2057.0 ,1849.7 ,1539.8 ,2097.0 ,1157.7 ,1897.1 ,1642.4 ,2240.1 ,2018.6 ,1637.2 ,1651.7 ,1368.3 ,966.0 ,1383.6 ,1925.8 ,1752.7 ,1317.7 ,1424.2 ,1609.3 ,1329.6 ,1038.5 ,1559.0 ,1193.9 ,1748.7 ,962.5 ,1661.4 ,1501.4 ,1465.2 ,1300.3 ,2012.3 ,1720.0 ,1901.1 ,1555.0 ,1880.4 ,1940.2 ,1816.1 ,1923.2 ,1991.9 ,1905.3 ,2181.6 ,1741.1 ,1678.9 
MST_2096.43_MST_2105.7,108.5 ,60.0 ,109.3 ,97.5 ,96.6 ,105.1 ,112.0 ,123.0 ,103.1 ,107.2 ,97.6 ,111.6 ,59.6 ,90.2 ,111.3 ,118.9 ,101.0 ,106.8 ,107.9 ,67.4 ,46.6 ,92.8 ,103.3 ,105.1 ,72.3 ,102.9 ,102.7 ,109.6 ,42.5 ,98.5 ,84.6 ,91.6 ,43.3 ,99.3 ,94.2 ,78.4 ,84.1 ,114.9 ,87.7 ,107.8 ,103.6 ,109.7 ,120.9 ,109.4 ,109.0 ,116.0 ,114.9 ,100.2 ,105.1 ,96.9 
MST_2119.22_MST_2128.1,3.5 ,4.2 ,9.0 ,2.9 ,2.8 ,6.0 ,6.5 ,4.8 ,5.1 ,4.9 ,4.7 ,6.1 ,4.4 ,6.9 ,6.6 ,8.7 ,6.0 ,6.5 ,6.2 ,5.1 ,2.4 ,4.0 ,4.8 ,4.2 ,4.4 ,4.2 ,4.7 ,6.2 ,1.9 ,5.2 ,4.5 ,2.4 ,1.7 ,3.8 ,4.0 ,5.0 ,3.4 ,5.6 ,3.3 ,4.6 ,5.1 ,6.5 ,6.2 ,4.5 ,4.2 ,4.1 ,6.1 ,4.9 ,6.0 ,4.3 
MST_2126.29_MST_2134.3,8.2 ,6.8 ,14.1 ,4.6 ,6.5 ,9.0 ,11.7 ,10.3 ,8.8 ,9.8 ,8.6 ,10.9 ,5.6 ,14.3 ,12.2 ,17.2 ,12.2 ,11.3 ,10.1 ,8.6 ,3.5 ,7.6 ,10.8 ,7.7 ,7.0 ,8.3 ,8.2 ,11.5 ,3.3 ,8.5 ,7.3 ,6.8 ,2.2 ,8.5 ,7.1 ,7.7 ,6.6 ,12.2 ,7.0 ,9.6 ,9.5 ,12.5 ,13.8 ,10.4 ,9.5 ,10.3 ,12.9 ,9.0 ,11.4 ,8.1 
MST_2154.51_MST_2188.8,22.8 ,10.6 ,25.9 ,19.7 ,23.3 ,20.7 ,24.7 ,25.2 ,23.6 ,27.3 ,22.7 ,24.2 ,15.1 ,18.2 ,26.6 ,27.1 ,21.1 ,22.8 ,24.1 ,12.5 ,9.9 ,18.1 ,20.8 ,24.6 ,14.1 ,22.2 ,20.8 ,21.3 ,9.9 ,21.3 ,15.8 ,17.2 ,8.9 ,20.0 ,21.9 ,15.8 ,18.2 ,29.3 ,22.3 ,28.2 ,25.9 ,27.2 ,29.0 ,32.5 ,26.1 ,27.5 ,31.6 ,22.2 ,31.7 ,23.1 
MST_2161.20_MST_2174.6,5.7 ,4.0 ,5.1 ,18.7 ,5.3 ,12.8 ,3.6 ,3.2 ,7.4 ,4.7 ,27.1 ,13.9 ,7.9 ,14.1 ,11.3 ,16.1 ,5.7 ,5.1 ,2.8 ,1.9 ,1.9 ,3.6 ,3.8 ,4.5 ,4.2 ,3.1 ,6.1 ,3.0 ,2.6 ,5.3 ,5.2 ,7.5 ,9.3 ,9.4 ,3.1 ,12.0 ,2.7 ,15.0 ,6.6 ,9.1 ,5.9 ,4.3 ,4.3 ,8.5 ,4.9 ,20.8 ,5.8 ,5.8 ,11.9 ,5.2 
MST_2167.50_MST_2182.9,14.4 ,5.1 ,22.3 ,14.7 ,19.1 ,14.5 ,21.3 ,20.1 ,20.0 ,17.5 ,11.7 ,14.8 ,7.3 ,16.9 ,19.2 ,18.1 ,21.8 ,24.2 ,27.0 ,12.5 ,6.6 ,20.8 ,25.2 ,26.0 ,9.4 ,23.9 ,22.8 ,15.0 ,10.6 ,21.3 ,13.1 ,20.7 ,7.6 ,22.5 ,20.7 ,13.4 ,19.4 ,25.6 ,25.0 ,25.4 ,20.9 ,23.6 ,22.9 ,32.2 ,22.8 ,16.3 ,25.1 ,14.8 ,24.4 ,24.9 
MST_2196.98_MST_2209,21.1 ,18.9 ,15.8 ,15.5 ,14.4 ,15.9 ,14.3 ,20.1 ,18.4 ,14.8 ,15.3 ,25.0 ,11.8 ,20.4 ,20.5 ,22.4 ,15.2 ,18.3 ,16.5 ,22.0 ,16.4 ,15.7 ,17.4 ,15.1 ,22.6 ,15.7 ,14.9 ,17.4 ,12.3 ,14.9 ,19.4 ,18.5 ,12.4 ,17.6 ,15.2 ,21.1 ,13.2 ,18.4 ,13.9 ,18.3 ,16.0 ,19.8 ,27.0 ,17.9 ,18.9 ,23.4 ,25.6 ,14.9 ,18.7 ,17.1 
Linoleate_2208.17_FatA_C18:2_1TMS,43.8 ,54.4 ,38.3 ,56.0 ,50.4 ,54.1 ,39.8 ,38.8 ,36.2 ,47.9 ,43.4 ,62.4 ,58.3 ,61.6 ,49.1 ,52.5 ,34.6 ,46.2 ,51.2 ,62.7 ,59.3 ,42.6 ,39.8 ,39.8 ,53.2 ,53.7 ,33.4 ,45.9 ,52.5 ,36.1 ,52.5 ,44.8 ,40.8 ,47.9 ,50.7 ,47.0 ,33.0 ,30.8 ,37.7 ,33.7 ,42.1 ,40.9 ,48.4 ,42.4 ,46.1 ,51.5 ,42.1 ,8.3 ,44.8 ,40.4 
Linolenate_2215.72_FatA_C18:3_1TMS,81.9 ,82.5 ,53.4 ,97.0 ,99.5 ,96.5 ,72.0 ,50.4 ,47.9 ,93.6 ,78.9 ,120.2 ,101.7 ,89.7 ,81.4 ,82.7 ,50.4 ,73.8 ,94.5 ,91.5 ,85.9 ,78.5 ,55.0 ,63.1 ,84.2 ,99.2 ,51.0 ,71.8 ,100.4 ,52.2 ,80.0 ,64.4 ,62.7 ,77.4 ,99.8 ,59.2 ,51.8 ,45.9 ,72.6 ,47.0 ,77.8 ,65.0 ,61.5 ,83.4 ,82.9 ,86.0 ,67.7 ,4.6 ,86.2 ,73.1 
Stearate_2237.22_FatA_C18:0_1TMS,20.8 ,18.0 ,13.3 ,9.9 ,10.4 ,11.3 ,6.6 ,7.4 ,13.8 ,9.7 ,10.5 ,8.6 ,14.3 ,12.4 ,12.4 ,6.8 ,12.2 ,7.9 ,10.0 ,16.2 ,20.8 ,10.5 ,8.0 ,8.7 ,12.0 ,10.4 ,12.7 ,11.7 ,13.2 ,10.1 ,13.5 ,12.2 ,13.3 ,11.0 ,11.6 ,10.6 ,8.5 ,13.3 ,12.4 ,11.4 ,10.3 ,10.6 ,11.7 ,11.3 ,22.9 ,12.5 ,12.1 ,29.1 ,12.0 ,11.9 
Sinapate_2238.76_SinaA_2TMS,211.3 ,133.2 ,169.9 ,197.5 ,160.5 ,163.5 ,181.5 ,207.6 ,200.8 ,175.3 ,169.4 ,227.9 ,99.6 ,151.6 ,228.0 ,219.2 ,212.8 ,176.9 ,142.0 ,114.5 ,75.9 ,107.4 ,151.1 ,138.7 ,119.4 ,137.3 ,145.6 ,188.2 ,64.1 ,154.4 ,125.4 ,127.8 ,71.8 ,154.8 ,151.3 ,121.1 ,104.0 ,169.5 ,129.4 ,189.3 ,147.9 ,187.0 ,224.7 ,142.4 ,163.6 ,191.3 ,167.1 ,198.1 ,195.7 ,133.5 
Spermidine_2252.31_Spd_5TMS,17.9 ,17.3 ,19.9 ,23.6 ,24.4 ,23.0 ,17.2 ,21.5 ,19.8 ,22.9 ,24.4 ,23.0 ,13.8 ,24.9 ,22.8 ,28.8 ,23.2 ,19.8 ,23.5 ,22.2 ,17.2 ,30.3 ,23.7 ,21.7 ,18.2 ,24.4 ,22.6 ,22.1 ,14.4 ,27.7 ,28.1 ,26.2 ,13.5 ,23.4 ,24.1 ,28.5 ,24.3 ,24.3 ,19.7 ,23.5 ,16.1 ,26.8 ,32.9 ,24.5 ,24.8 ,22.1 ,29.8 ,8.5 ,21.7 ,27.8 
MST_2259.86_MST_2277,21.0 ,11.9 ,18.8 ,17.4 ,15.0 ,15.6 ,18.8 ,22.5 ,17.4 ,17.4 ,14.9 ,20.7 ,8.2 ,15.8 ,18.6 ,20.9 ,19.0 ,18.1 ,15.2 ,12.9 ,7.8 ,14.0 ,17.4 ,14.3 ,12.8 ,13.0 ,14.5 ,16.9 ,5.8 ,13.9 ,12.7 ,15.3 ,6.7 ,15.9 ,13.9 ,13.8 ,11.5 ,14.1 ,10.5 ,14.1 ,11.9 ,12.3 ,15.9 ,11.0 ,10.8 ,16.7 ,13.9 ,11.1 ,12.9 ,9.7 
Fructose_2284.96_Fru6P_6TMS,24.8 ,15.1 ,25.0 ,21.4 ,19.9 ,25.5 ,21.5 ,26.5 ,21.9 ,21.4 ,20.1 ,24.4 ,10.2 ,21.6 ,27.0 ,23.6 ,23.9 ,22.1 ,19.0 ,17.0 ,14.6 ,20.8 ,23.8 ,20.6 ,16.6 ,18.6 ,20.0 ,22.6 ,12.6 ,21.2 ,19.7 ,21.4 ,10.2 ,25.4 ,19.4 ,20.6 ,20.8 ,52.7 ,32.8 ,48.8 ,40.3 ,47.0 ,57.3 ,42.2 ,52.7 ,55.1 ,49.3 ,31.6 ,40.2 ,37.9 
Mannose-6-phosphate_2288.16_Man6P_6TMS,25.4 ,20.9 ,45.0 ,42.2 ,43.3 ,37.0 ,43.6 ,40.5 ,33.6 ,43.4 ,38.0 ,32.2 ,40.6 ,34.3 ,35.0 ,33.1 ,35.3 ,36.7 ,47.3 ,24.4 ,24.9 ,41.1 ,40.1 ,53.1 ,23.3 ,42.1 ,36.8 ,28.8 ,35.8 ,43.8 ,33.0 ,30.3 ,29.5 ,36.8 ,46.1 ,29.9 ,38.9 ,31.3 ,31.4 ,24.4 ,30.6 ,24.5 ,22.2 ,40.6 ,26.3 ,17.5 ,18.4 ,11.2 ,31.2 ,30.8 
Glucose-6-phosphate_2299.48_Glc6P_6TMS,84.9 ,51.3 ,80.6 ,71.8 ,74.5 ,81.8 ,81.4 ,91.9 ,75.6 ,68.9 ,62.0 ,76.6 ,39.0 ,78.1 ,78.2 ,77.5 ,75.3 ,66.4 ,65.0 ,58.5 ,49.6 ,69.9 ,90.0 ,86.9 ,55.3 ,66.5 ,65.2 ,65.9 ,51.5 ,65.9 ,57.5 ,74.9 ,36.1 ,81.8 ,59.5 ,64.0 ,82.9 ,123.7 ,98.2 ,113.2 ,114.4 ,96.2 ,103.9 ,124.1 ,115.4 ,131.0 ,102.7 ,84.5 ,84.7 ,94.4 
Glucose-6-phosphate_2322.30_Glc6P_6TMS,9.6 ,5.0 ,11.4 ,9.3 ,10.9 ,10.3 ,11.7 ,11.2 ,8.7 ,9.7 ,8.3 ,8.3 ,4.6 ,7.9 ,9.7 ,8.5 ,9.5 ,8.8 ,9.1 ,6.6 ,7.5 ,9.4 ,11.2 ,12.6 ,6.2 ,9.4 ,9.4 ,8.4 ,7.2 ,8.7 ,7.2 ,9.0 ,4.6 ,11.2 ,8.5 ,7.2 ,12.8 ,17.6 ,14.6 ,15.5 ,17.6 ,13.8 ,14.3 ,18.0 ,16.8 ,16.9 ,13.1 ,11.0 ,12.3 ,14.2 
MST_2334.53_MST_2360.7,2.9 ,2.3 ,3.0 ,3.4 ,2.9 ,3.4 ,2.9 ,3.5 ,3.4 ,3.2 ,2.8 ,2.6 ,1.7 ,2.7 ,3.5 ,3.5 ,2.9 ,2.7 ,3.0 ,2.2 ,1.9 ,2.4 ,2.7 ,2.6 ,2.1 ,2.6 ,2.8 ,2.7 ,1.6 ,3.0 ,2.4 ,2.6 ,1.3 ,2.8 ,2.6 ,2.7 ,2.1 ,4.0 ,3.0 ,4.1 ,3.3 ,3.6 ,4.2 ,3.8 ,3.3 ,4.0 ,4.0 ,3.0 ,3.9 ,3.4 
MST_2353.80_MST_2370.2,22.7 ,15.8 ,25.7 ,21.3 ,23.4 ,21.8 ,25.6 ,26.3 ,22.3 ,26.1 ,21.6 ,24.3 ,16.3 ,20.3 ,22.9 ,27.6 ,24.4 ,23.6 ,24.0 ,17.2 ,13.6 ,20.1 ,23.1 ,26.0 ,17.3 ,23.5 ,22.9 ,22.0 ,12.5 ,21.8 ,18.3 ,20.9 ,12.4 ,21.5 ,23.3 ,17.5 ,19.9 ,25.3 ,22.7 ,23.5 ,25.2 ,26.4 ,26.2 ,27.1 ,26.3 ,24.4 ,24.6 ,23.5 ,26.5 ,23.6 
MST_2376.05_MST_2418.9,3.1 ,5.4 ,23.9 ,4.3 ,4.1 ,3.2 ,20.8 ,5.8 ,4.0 ,6.5 ,4.1 ,10.1 ,4.1 ,3.8 ,11.7 ,3.3 ,8.9 ,3.3 ,3.5 ,2.3 ,3.0 ,2.7 ,3.1 ,3.6 ,4.3 ,3.5 ,4.0 ,3.2 ,1.9 ,3.4 ,3.2 ,2.6 ,2.0 ,2.6 ,3.0 ,2.8 ,2.2 ,5.1 ,3.0 ,4.7 ,3.9 ,16.3 ,9.7 ,8.6 ,6.2 ,5.3 ,6.8 ,5.6 ,13.2 ,4.2 
PR-MST_PR_MST_2383.3_,4.4 ,6.5 ,14.1 ,4.8 ,4.4 ,4.5 ,12.3 ,6.4 ,4.5 ,5.7 ,4.8 ,10.6 ,2.7 ,4.2 ,10.1 ,6.2 ,8.0 ,4.9 ,4.7 ,3.9 ,2.9 ,3.2 ,4.4 ,4.2 ,5.0 ,4.2 ,4.1 ,3.9 ,2.0 ,4.3 ,3.5 ,4.1 ,1.7 ,4.1 ,3.9 ,4.4 ,3.1 ,5.4 ,3.4 ,6.2 ,4.7 ,11.1 ,10.0 ,8.9 ,6.2 ,6.3 ,8.5 ,8.2 ,9.7 ,4.6 
Inositol-1-phosphate_2404.19_Ino1P_7TMS,38.1 ,43.2 ,48.5 ,47.9 ,44.6 ,48.0 ,47.1 ,50.6 ,47.5 ,49.3 ,43.7 ,33.5 ,35.6 ,55.2 ,52.7 ,49.2 ,43.3 ,47.7 ,49.8 ,44.4 ,43.5 ,42.1 ,43.9 ,44.0 ,39.5 ,49.2 ,42.6 ,45.0 ,41.2 ,42.4 ,43.7 ,37.3 ,37.4 ,46.0 ,46.9 ,42.6 ,38.1 ,44.0 ,40.5 ,44.7 ,46.7 ,46.6 ,51.1 ,47.1 ,44.5 ,42.5 ,47.7 ,22.5 ,49.6 ,42.3 
sugar_2425.86_sudiC6-C6,5.1 ,2.4 ,3.4 ,4.2 ,3.4 ,3.7 ,3.8 ,5.4 ,3.2 ,4.1 ,3.2 ,5.7 ,1.7 ,3.4 ,4.4 ,5.8 ,4.2 ,3.8 ,3.6 ,2.8 ,1.5 ,3.1 ,3.4 ,3.2 ,3.6 ,3.2 ,3.5 ,3.8 ,1.4 ,3.8 ,3.1 ,4.3 ,1.3 ,3.5 ,3.6 ,4.0 ,3.3 ,6.1 ,5.1 ,5.7 ,5.5 ,5.6 ,6.4 ,5.5 ,5.1 ,6.1 ,6.1 ,7.4 ,5.1 ,4.5 
MST_2463.37_MST_2494.8,44.9 ,22.4 ,36.2 ,34.9 ,32.3 ,31.3 ,34.5 ,45.9 ,36.0 ,36.1 ,32.1 ,41.9 ,17.7 ,32.9 ,39.7 ,42.2 ,35.1 ,31.6 ,32.0 ,24.5 ,15.8 ,25.4 ,31.3 ,35.1 ,25.7 ,27.0 ,31.6 ,32.7 ,15.2 ,30.1 ,28.3 ,34.2 ,14.1 ,33.1 ,29.8 ,30.2 ,27.7 ,34.5 ,26.9 ,36.2 ,27.4 ,33.8 ,37.8 ,31.7 ,34.2 ,44.2 ,38.9 ,33.7 ,35.8 ,31.1 
sugar_2477.09_sudiC6-C6,15.8 ,13.3 ,9.5 ,13.6 ,7.3 ,13.9 ,8.1 ,14.2 ,13.6 ,7.4 ,10.1 ,16.0 ,0.8 ,17.1 ,11.0 ,12.5 ,14.5 ,12.4 ,8.7 ,12.8 ,9.4 ,11.5 ,15.5 ,9.9 ,12.7 ,9.7 ,11.1 ,12.8 ,8.4 ,13.4 ,12.6 ,14.7 ,9.5 ,12.0 ,9.4 ,12.8 ,9.2 ,12.7 ,5.9 ,11.6 ,6.3 ,7.0 ,9.4 ,6.0 ,9.1 ,14.1 ,12.5 ,13.9 ,9.2 ,7.6 
sugar_2511.35_sudiC6-C6,15.1 ,9.0 ,15.6 ,14.0 ,11.9 ,14.4 ,14.7 ,16.8 ,11.6 ,13.4 ,12.6 ,16.6 ,8.2 ,11.7 ,16.4 ,14.5 ,14.6 ,14.6 ,14.6 ,11.4 ,7.4 ,11.4 ,11.8 ,13.3 ,11.3 ,13.7 ,12.9 ,14.5 ,6.0 ,12.6 ,12.1 ,13.0 ,5.8 ,13.9 ,11.6 ,11.8 ,12.0 ,12.9 ,11.0 ,12.0 ,13.0 ,13.5 ,15.2 ,11.4 ,13.9 ,16.9 ,13.4 ,12.3 ,12.5 ,12.8 
sugar_2521.80_sudiC6-C6,9.6 ,7.4 ,11.8 ,10.1 ,9.4 ,10.6 ,9.9 ,10.4 ,9.7 ,11.6 ,8.1 ,11.2 ,8.0 ,9.0 ,11.6 ,10.2 ,9.2 ,9.6 ,10.9 ,7.4 ,6.3 ,8.2 ,8.2 ,9.2 ,7.3 ,9.8 ,8.4 ,8.2 ,6.2 ,9.5 ,8.4 ,7.4 ,5.7 ,7.9 ,9.5 ,8.8 ,6.8 ,9.8 ,8.5 ,10.7 ,9.4 ,9.0 ,10.5 ,11.2 ,8.9 ,9.8 ,10.8 ,10.3 ,11.2 ,8.8 
Nicotianamine_2568.16_NicAm_4TMS,2.8 ,4.8 ,5.0 ,4.2 ,5.0 ,5.4 ,4.6 ,4.1 ,4.7 ,5.6 ,3.7 ,2.5 ,3.3 ,6.3 ,3.2 ,5.8 ,6.1 ,6.5 ,4.3 ,7.1 ,5.6 ,4.8 ,7.7 ,6.5 ,5.9 ,7.0 ,4.5 ,6.2 ,4.4 ,6.4 ,6.8 ,6.1 ,4.5 ,7.1 ,7.1 ,7.4 ,4.4 ,3.3 ,3.7 ,5.6 ,6.2 ,5.8 ,4.7 ,6.3 ,8.9 ,5.9 ,4.6 ,0.5 ,8.2 ,4.8 
sugar_2609.08_sudiC6-C6,26.9 ,17.0 ,23.0 ,24.5 ,19.7 ,26.1 ,20.4 ,28.5 ,24.1 ,21.4 ,20.1 ,27.7 ,10.7 ,21.6 ,26.2 ,27.9 ,23.7 ,24.2 ,24.1 ,19.8 ,13.7 ,19.6 ,22.9 ,23.6 ,22.4 ,22.8 ,21.0 ,26.3 ,12.5 ,23.3 ,22.0 ,23.7 ,11.7 ,23.2 ,20.6 ,22.7 ,19.4 ,22.2 ,16.3 ,23.6 ,19.5 ,21.1 ,24.7 ,19.8 ,22.3 ,28.9 ,25.6 ,20.9 ,22.4 ,19.0 
Sucrose_2618.56_Suc_8TMS,3645.0 ,3699.2 ,2320.1 ,1717.5 ,2578.7 ,1456.2 ,2336.8 ,3323.2 ,2350.2 ,2739.6 ,1863.6 ,2687.5 ,1816.9 ,3314.9 ,2031.9 ,2842.9 ,2629.9 ,1839.2 ,1712.2 ,1822.0 ,1044.9 ,1697.5 ,2265.8 ,2175.9 ,1435.5 ,1528.4 ,1917.4 ,1650.0 ,1171.2 ,1676.3 ,1463.8 ,2719.3 ,1520.0 ,1935.1 ,1748.1 ,1645.4 ,1977.9 ,2752.3 ,2138.5 ,2468.6 ,2281.1 ,2868.9 ,2402.4 ,2714.8 ,3061.1 ,3271.6 ,2538.2 ,4084.5 ,2520.4 ,2545.2 
PR-MST_PR_MST_2725.0_,48.4 ,21.6 ,12.7 ,14.7 ,11.6 ,13.1 ,14.0 ,28.9 ,13.6 ,10.0 ,11.1 ,38.9 ,7.4 ,22.8 ,16.2 ,29.4 ,14.6 ,16.7 ,10.1 ,15.5 ,5.6 ,8.3 ,15.6 ,9.1 ,21.0 ,7.5 ,8.0 ,16.4 ,4.4 ,8.1 ,10.6 ,24.2 ,5.7 ,12.8 ,9.0 ,15.2 ,6.0 ,9.5 ,7.3 ,11.4 ,7.6 ,10.4 ,14.4 ,6.5 ,10.5 ,25.1 ,17.7 ,3.2 ,12.2 ,6.8 
Trehalose_2727.70_Tre_8TMS,8.1 ,6.3 ,13.4 ,9.5 ,9.3 ,7.9 ,10.9 ,11.2 ,12.5 ,12.3 ,9.6 ,9.4 ,5.1 ,7.8 ,11.9 ,12.9 ,11.9 ,11.4 ,12.3 ,6.1 ,4.9 ,8.1 ,10.2 ,10.5 ,6.4 ,9.9 ,9.6 ,9.0 ,5.0 ,9.7 ,7.5 ,7.8 ,4.7 ,8.8 ,8.9 ,7.1 ,6.6 ,15.0 ,8.6 ,10.5 ,11.4 ,14.1 ,14.3 ,12.8 ,13.4 ,11.8 ,12.7 ,12.5 ,14.2 ,10.4 
sugar_2730.10_sudiC6-C6,6.0 ,6.4 ,5.4 ,7.8 ,5.2 ,7.0 ,6.9 ,6.5 ,4.9 ,6.7 ,4.4 ,6.2 ,4.0 ,7.7 ,5.2 ,8.1 ,6.3 ,4.0 ,4.3 ,9.4 ,5.9 ,4.2 ,5.8 ,4.8 ,8.9 ,2.7 ,3.6 ,4.1 ,2.1 ,5.4 ,7.9 ,6.9 ,4.5 ,4.1 ,3.8 ,12.9 ,3.6 ,5.7 ,6.8 ,4.2 ,3.6 ,7.4 ,6.9 ,6.1 ,6.9 ,7.2 ,4.2 ,7.3 ,4.3 ,5.8 
sugar_2741.53_sudiC6-C6,9.5 ,2.6 ,6.5 ,3.8 ,4.8 ,4.0 ,5.1 ,7.3 ,5.7 ,4.0 ,5.7 ,10.5 ,2.9 ,4.0 ,6.7 ,8.3 ,4.7 ,6.0 ,5.1 ,3.4 ,1.7 ,4.4 ,4.6 ,5.4 ,3.3 ,5.5 ,5.1 ,5.2 ,2.8 ,3.1 ,3.5 ,4.1 ,1.0 ,6.0 ,4.3 ,2.8 ,4.6 ,5.0 ,3.3 ,5.2 ,5.3 ,5.3 ,6.1 ,4.5 ,6.0 ,5.3 ,6.9 ,5.2 ,6.7 ,4.6 
MST_2745.91_MST_2783.3,16.5 ,9.5 ,11.0 ,11.8 ,10.0 ,13.2 ,11.1 ,16.3 ,13.2 ,11.0 ,9.7 ,22.2 ,6.3 ,14.0 ,15.8 ,15.8 ,13.2 ,13.2 ,12.2 ,10.9 ,7.2 ,10.3 ,11.9 ,10.5 ,14.5 ,11.4 ,11.4 ,13.6 ,5.4 ,11.7 ,13.4 ,15.0 ,5.4 ,12.4 ,10.2 ,14.2 ,9.4 ,13.0 ,7.8 ,13.6 ,10.5 ,11.5 ,15.1 ,10.4 ,12.2 ,18.8 ,16.5 ,17.2 ,11.5 ,9.7 
sugar_2751.83_sudiC6-C6,4.5 ,2.5 ,3.1 ,2.7 ,2.8 ,2.4 ,3.0 ,3.9 ,3.5 ,2.8 ,2.5 ,5.0 ,2.2 ,3.2 ,2.6 ,4.3 ,3.6 ,3.1 ,2.7 ,2.4 ,1.7 ,2.7 ,2.6 ,3.4 ,2.1 ,2.3 ,2.4 ,2.8 ,2.1 ,2.6 ,2.1 ,3.4 ,1.6 ,0.0 ,2.7 ,2.5 ,2.0 ,3.9 ,2.6 ,3.1 ,2.7 ,3.5 ,4.0 ,3.2 ,3.7 ,3.8 ,5.0 ,4.1 ,3.6 ,3.1 
polyol_2764.12_podiC6-C6,4.8 ,2.7 ,2.2 ,0.9 ,3.1 ,0.9 ,2.6 ,4.1 ,2.7 ,3.5 ,1.6 ,2.6 ,2.3 ,3.9 ,1.1 ,4.3 ,4.0 ,0.7 ,1.2 ,0.9 ,1.2 ,0.8 ,2.3 ,2.2 ,0.6 ,0.8 ,1.4 ,0.9 ,1.4 ,0.9 ,0.4 ,2.2 ,1.8 ,1.3 ,1.6 ,0.9 ,2.0 ,3.0 ,4.5 ,2.5 ,2.9 ,4.6 ,3.4 ,3.2 ,5.6 ,4.4 ,3.4 ,4.1 ,2.8 ,4.0 
MST_2771.56_MST_2791.1,5.0 ,3.3 ,5.6 ,4.0 ,4.5 ,5.5 ,5.1 ,6.0 ,5.7 ,4.2 ,3.9 ,6.1 ,2.5 ,4.5 ,7.1 ,5.3 ,5.0 ,8.5 ,8.1 ,5.6 ,3.0 ,5.3 ,6.4 ,6.3 ,5.1 ,7.5 ,5.9 ,5.7 ,3.4 ,6.5 ,5.3 ,5.5 ,2.3 ,6.1 ,5.5 ,5.2 ,4.8 ,4.8 ,3.7 ,6.3 ,5.0 ,4.3 ,6.9 ,6.0 ,4.3 ,5.0 ,7.0 ,5.0 ,5.8 ,4.4 
Tetracosanoate_2829.74_FatA_C24:0_1TMS,2.2 ,2.7 ,1.7 ,2.0 ,1.7 ,2.3 ,1.4 ,2.0 ,2.0 ,1.4 ,1.6 ,2.4 ,2.2 ,2.5 ,2.0 ,1.9 ,1.9 ,2.2 ,1.7 ,2.5 ,2.6 ,2.0 ,2.0 ,1.5 ,2.9 ,1.8 ,1.5 ,2.1 ,2.0 ,2.0 ,2.4 ,2.1 ,1.8 ,2.0 ,1.7 ,2.5 ,1.4 ,2.0 ,1.8 ,2.1 ,1.4 ,1.9 ,2.2 ,1.8 ,2.1 ,2.6 ,2.1 ,2.2 ,2.1 ,1.9 
sugar_2902.53_sudiC6-C6,8.4 ,7.0 ,13.5 ,14.3 ,12.9 ,11.7 ,10.4 ,10.9 ,11.6 ,14.6 ,10.6 ,9.3 ,6.6 ,10.4 ,13.9 ,9.0 ,14.7 ,10.9 ,14.8 ,9.1 ,7.5 ,11.4 ,9.4 ,12.4 ,8.7 ,13.6 ,12.3 ,9.7 ,7.8 ,13.6 ,12.1 ,9.8 ,8.3 ,9.7 ,16.4 ,11.5 ,11.4 ,15.0 ,15.5 ,13.0 ,17.1 ,13.9 ,12.5 ,15.5 ,13.5 ,10.6 ,10.5 ,10.3 ,15.0 ,14.8 
MST_2931.96_MST_2973.1,61.2 ,22.6 ,16.5 ,19.2 ,14.5 ,17.2 ,19.5 ,35.7 ,22.5 ,15.2 ,14.2 ,49.7 ,8.7 ,26.4 ,24.9 ,40.7 ,25.4 ,22.9 ,13.9 ,20.3 ,8.4 ,11.5 ,19.6 ,12.5 ,27.1 ,10.6 ,13.2 ,23.6 ,5.1 ,12.8 ,16.2 ,27.2 ,6.1 ,17.3 ,12.3 ,22.8 ,7.7 ,19.2 ,12.9 ,21.4 ,13.7 ,20.4 ,28.0 ,13.7 ,18.4 ,36.5 ,27.4 ,3.7 ,20.9 ,13.4 
Galactinol_2979.49_Galactinol_9TMS,54.8 ,30.7 ,49.9 ,43.5 ,37.4 ,41.1 ,42.5 ,51.1 ,45.0 ,43.0 ,38.3 ,50.3 ,27.7 ,42.6 ,47.8 ,58.4 ,46.3 ,42.8 ,42.9 ,29.4 ,19.8 ,31.9 ,39.2 ,40.1 ,31.4 ,36.0 ,36.0 ,38.4 ,19.1 ,37.4 ,33.0 ,39.8 ,18.4 ,39.7 ,35.1 ,34.2 ,30.3 ,42.3 ,34.3 ,43.0 ,37.3 ,42.2 ,44.8 ,39.9 ,40.2 ,44.9 ,43.3 ,40.0 ,44.1 ,35.4 
Fatty_3027.97_FatA,5.6 ,5.7 ,3.0 ,3.7 ,2.8 ,3.8 ,2.5 ,4.3 ,4.7 ,2.3 ,3.0 ,5.8 ,3.0 ,5.9 ,4.1 ,4.2 ,3.8 ,4.4 ,3.0 ,5.7 ,4.1 ,3.1 ,4.0 ,2.7 ,6.5 ,3.1 ,2.8 ,4.0 ,3.5 ,3.8 ,4.4 ,4.7 ,3.5 ,3.7 ,2.8 ,6.1 ,2.6 ,4.0 ,2.4 ,4.3 ,2.7 ,3.4 ,4.4 ,2.8 ,3.3 ,5.3 ,4.9 ,5.8 ,3.6 ,3.2 
Adenosine-5-monophosphate_3049.45_A5P_5TMS,5.4 ,2.5 ,2.5 ,3.3 ,2.2 ,3.4 ,2.3 ,4.1 ,3.2 ,2.4 ,2.2 ,6.4 ,1.3 ,4.1 ,4.0 ,4.2 ,2.9 ,3.9 ,3.0 ,4.0 ,2.1 ,3.4 ,3.7 ,2.3 ,3.7 ,2.6 ,2.5 ,3.7 ,1.5 ,2.9 ,3.8 ,4.6 ,1.3 ,3.6 ,2.6 ,4.6 ,2.3 ,3.2 ,1.8 ,3.4 ,2.2 ,2.8 ,4.0 ,2.3 ,2.8 ,5.9 ,5.1 ,2.6 ,3.0 ,2.5 
MST_3088.99_MST_3110.4,24.0 ,21.1 ,25.1 ,14.8 ,21.5 ,10.8 ,20.1 ,17.5 ,23.0 ,24.0 ,17.3 ,22.3 ,15.3 ,24.5 ,13.1 ,21.0 ,19.2 ,15.3 ,14.5 ,13.0 ,10.2 ,9.6 ,15.8 ,18.8 ,6.5 ,11.2 ,16.4 ,8.4 ,9.3 ,11.9 ,7.8 ,12.8 ,10.4 ,14.9 ,19.2 ,11.8 ,9.8 ,7.5 ,8.0 ,6.5 ,6.2 ,6.2 ,5.2 ,7.2 ,7.5 ,6.4 ,5.6 ,3.6 ,7.6 ,8.6 
MST_3112.88_MST_3132.5,7.4 ,6.0 ,12.1 ,11.6 ,11.2 ,9.7 ,8.2 ,9.2 ,10.4 ,12.4 ,10.1 ,9.3 ,3.5 ,10.4 ,11.1 ,8.0 ,12.4 ,9.9 ,10.7 ,6.7 ,4.7 ,8.6 ,6.2 ,9.8 ,6.7 ,11.4 ,8.9 ,7.5 ,6.7 ,12.9 ,10.1 ,6.1 ,7.2 ,7.2 ,13.3 ,9.7 ,7.7 ,8.8 ,7.7 ,7.5 ,8.6 ,7.3 ,7.3 ,8.6 ,9.3 ,5.2 ,5.8 ,5.3 ,10.4 ,7.7 
alpha-Tocopherol_3151.13_a-Tocop_1TMS,0.9 ,0.9 ,0.5 ,0.6 ,0.3 ,0.7 ,0.6 ,0.8 ,1.3 ,0.5 ,0.4 ,0.8 ,0.4 ,1.0 ,0.8 ,1.2 ,0.9 ,1.0 ,0.6 ,1.3 ,1.1 ,0.5 ,1.1 ,0.8 ,1.9 ,0.8 ,1.0 ,1.3 ,0.8 ,1.1 ,1.1 ,1.2 ,0.9 ,1.2 ,0.8 ,1.4 ,0.8 ,1.2 ,0.9 ,1.3 ,1.0 ,1.1 ,1.1 ,1.1 ,1.4 ,2.1 ,1.4 ,1.7 ,1.6 ,0.9 
Cholesterol_3181.67_Chol_1TMS,136.2 ,126.5 ,77.9 ,90.6 ,72.2 ,95.6 ,78.4 ,116.3 ,103.6 ,73.9 ,75.3 ,151.4 ,53.0 ,123.6 ,104.3 ,113.7 ,99.3 ,106.8 ,81.9 ,140.7 ,103.9 ,86.1 ,109.7 ,81.6 ,155.3 ,84.1 ,89.3 ,109.4 ,83.6 ,93.2 ,115.7 ,137.3 ,86.3 ,102.5 ,80.1 ,139.2 ,85.1 ,92.4 ,67.7 ,101.5 ,76.0 ,88.7 ,103.1 ,72.9 ,90.4 ,128.5 ,118.3 ,142.8 ,85.5 ,83.0 
Campesterol_3292.78_Camp_1TMS,30.5 ,27.6 ,19.1 ,21.4 ,16.4 ,20.8 ,17.7 ,24.4 ,26.6 ,18.2 ,16.9 ,31.8 ,15.6 ,31.2 ,24.3 ,26.5 ,21.8 ,22.5 ,16.8 ,33.1 ,24.8 ,16.8 ,24.0 ,19.2 ,37.7 ,17.5 ,19.0 ,22.9 ,18.2 ,21.3 ,25.2 ,27.1 ,18.8 ,23.4 ,17.0 ,28.7 ,16.1 ,21.8 ,12.3 ,23.8 ,16.6 ,19.7 ,23.7 ,16.3 ,18.7 ,30.2 ,28.2 ,32.7 ,21.0 ,16.4 
Raffinose_3364.66_Raf_11TMS,13.0 ,12.1 ,16.3 ,11.0 ,9.0 ,7.1 ,13.9 ,10.9 ,12.7 ,11.1 ,8.3 ,11.6 ,5.5 ,14.1 ,10.3 ,25.5 ,12.6 ,11.4 ,14.4 ,7.9 ,5.8 ,6.4 ,15.3 ,11.2 ,6.8 ,7.5 ,7.7 ,4.7 ,3.8 ,6.9 ,4.5 ,6.9 ,8.5 ,9.7 ,14.3 ,5.0 ,4.7 ,14.4 ,10.2 ,8.7 ,10.9 ,8.5 ,9.4 ,16.3 ,10.9 ,8.7 ,8.7 ,7.1 ,12.9 ,8.6 
beta-Sitosterol_3375.63_b-Sito_1TMS,132.3 ,121.5 ,78.6 ,93.4 ,71.0 ,98.4 ,74.9 ,110.1 ,106.7 ,74.9 ,73.8 ,135.8 ,97.8 ,127.8 ,106.6 ,106.2 ,90.1 ,98.0 ,79.4 ,137.6 ,99.1 ,76.9 ,100.2 ,79.7 ,149.6 ,78.6 ,76.1 ,95.0 ,74.9 ,86.1 ,100.8 ,112.1 ,77.4 ,93.8 ,76.8 ,133.2 ,71.1 ,90.3 ,66.0 ,101.3 ,75.4 ,80.5 ,100.3 ,75.9 ,83.7 ,127.5 ,113.3 ,137.2 ,89.3 ,74.1 
